District,Year,Season,Unemployment_Rate,Average_Income,Education_Level,Population_Density,Police_Presence,Crime_Rate
District_7,2015,Winter,3.26,32197.0,13.3,2716.0,Low,23.89
District_20,2019,Spring,9.24,53627.0,8.3,1715.0,High,26.58
District_15,2017,Fall,11.16,39358.0,12.8,2710.0,Low,54.59
District_11,2019,Fall,4.03,69395.0,10.3,4773.0,Low,36.3
District_8,2022,Fall,8.53,67099.0,12.1,1801.0,Low,46.71
District_7,2023,Winter,11.92,73495.0,16.6,4970.0,Low,45.05
District_19,2023,Fall,14.83,53776.0,15.7,1532.0,Low,53.79
District_11,2021,Fall,11.01,41125.0,10.4,1436.0,Low,49.21
District_11,2014,Spring,5.94,56364.0,17.8,2952.0,High,20.8
District_4,2021,Spring,11.6,25348.0,17.0,4289.0,Low,56.88
District_8,2022,Fall,10.18,20575.0,13.3,3873.0,Low,60.21
District_3,2019,Fall,5.54,21026.0,13.3,3756.0,Low,37.0
District_2,2023,Spring,13.21,44453.0,17.0,1772.0,High,34.48
District_12,2018,Summer,8.13,33685.0,14.4,601.0,High,34.18
District_6,2019,Winter,14.54,29440.0,13.4,1228.0,Low,49.07
District_2,2019,Winter,11.67,56920.0,15.5,2073.0,Low,42.34
District_1,2022,Spring,10.73,79706.0,10.4,4873.0,High,39.79
District_12,2017,Winter,11.74,30665.0,16.8,4639.0,Low,55.2
District_12,2015,Spring,8.74,52785.0,13.3,1403.0,High,26.23
District_17,2024,Spring,9.06,27184.0,14.0,3765.0,Low,48.25
District_10,2024,Spring,13.21,76054.0,8.9,3106.0,Low,61.52
District_16,2022,Spring,11.17,37505.0,11.1,724.0,High,40.24
District_15,2015,Summer,13.77,72700.0,12.3,2173.0,Low,67.67
District_15,2023,Fall,13.69,36985.0,12.1,2687.0,High,54.34
District_19,2022,Fall,14.72,68363.0,15.8,3504.0,Low,62.72
District_12,2015,Summer,11.4,32563.0,10.8,1827.0,High,46.8
District_20,2021,Winter,9.03,37567.0,9.8,4702.0,Low,54.74
District_3,2022,Winter,5.0,31549.0,13.8,2533.0,High,18.88
District_5,2023,Fall,11.46,35856.0,14.2,1618.0,Low,37.89
District_19,2022,Winter,6.5,70092.0,9.2,1924.0,Low,31.66
District_7,2023,Fall,6.4,58342.0,8.0,3883.0,High,38.66
District_9,2022,Fall,5.86,44353.0,17.2,3381.0,High,20.5
District_7,2015,Summer,13.5,78291.0,8.8,3840.0,High,56.53
District_18,2017,Winter,13.42,47892.0,17.0,1816.0,High,32.4
District_4,2020,Summer,10.57,78186.0,12.0,1971.0,Low,54.69
District_14,2015,Fall,8.68,31795.0,14.5,2285.0,Low,46.44
District_18,2014,Fall,11.07,74278.0,9.9,1349.0,High,35.71
District_9,2016,Fall,10.29,20829.0,16.2,3610.0,Low,45.53
District_2,2017,Spring,7.99,52718.0,9.8,1982.0,Low,32.38
District_20,2021,Spring,7.56,45383.0,11.9,1968.0,Low,46.45
District_15,2019,Spring,7.59,51505.0,10.4,1712.0,High,31.98
District_7,2024,Summer,10.07,53207.0,16.4,2538.0,High,37.23
District_12,2015,Fall,10.77,43342.0,16.6,3974.0,Low,53.54
District_8,2022,Winter,8.42,79892.0,11.7,4260.0,High,25.94
District_15,2015,Summer,14.62,78590.0,11.1,4120.0,High,46.05
District_3,2018,Summer,4.01,77705.0,15.7,3295.0,High,27.58
District_14,2017,Summer,7.16,78745.0,16.8,1762.0,High,30.3
District_17,2020,Winter,8.03,67581.0,14.2,3807.0,Low,32.47
District_4,2021,Fall,3.2,79315.0,17.3,677.0,Low,15.66
District_18,2018,Spring,7.38,73542.0,11.8,4092.0,High,28.8
District_8,2023,Fall,6.28,44956.0,9.5,4011.0,Low,55.71
District_4,2018,Fall,9.07,67087.0,9.8,3515.0,Low,54.39
District_2,2015,Summer,7.04,74724.0,14.7,941.0,Low,30.45
District_6,2021,Summer,11.71,62756.0,12.1,4988.0,Low,65.79
District_10,2015,Summer,9.12,45367.0,9.6,3904.0,Low,53.76
District_4,2023,Spring,4.56,23947.0,10.9,3807.0,Low,38.23
District_18,2019,Spring,12.0,68582.0,13.3,788.0,Low,40.56
District_12,2021,Spring,4.19,77165.0,9.2,2294.0,High,17.53
District_2,2019,Fall,13.07,41748.0,8.0,888.0,Low,48.24
District_10,2017,Summer,14.18,29114.0,17.2,2125.0,Low,66.91
District_4,2017,Winter,6.87,39590.0,11.0,3067.0,Low,37.44
District_14,2019,Fall,14.11,54957.0,10.2,4455.0,High,62.96
District_16,2017,Spring,12.52,39016.0,15.0,1773.0,High,38.94
District_15,2021,Winter,14.07,56637.0,16.5,3305.0,High,29.72
District_8,2022,Winter,11.0,78011.0,14.3,1241.0,Low,37.31
District_14,2014,Summer,5.83,60244.0,10.5,2093.0,Low,42.57
District_8,2017,Winter,13.73,41760.0,16.6,4763.0,High,41.42
District_16,2017,Spring,5.21,76145.0,13.1,3864.0,Low,40.12
District_13,2015,Summer,5.56,53938.0,11.8,2956.0,High,26.14
District_18,2019,Winter,6.25,27702.0,14.0,1633.0,Low,34.23
District_15,2016,Summer,6.65,49939.0,15.0,2209.0,Low,44.35
District_13,2020,Winter,9.17,59218.0,13.9,1205.0,High,21.89
District_9,2024,Fall,11.56,70295.0,17.2,2091.0,High,25.04
District_15,2024,Fall,14.11,76189.0,14.3,1178.0,High,42.8
District_13,2018,Spring,4.06,39045.0,16.8,4079.0,Low,37.47
District_1,2017,Fall,14.45,29331.0,13.9,863.0,Low,56.78
District_7,2018,Fall,14.06,24430.0,11.3,1352.0,Low,58.96
District_9,2021,Fall,3.65,64301.0,13.3,3610.0,High,16.34
District_1,2016,Winter,7.32,67709.0,8.9,4561.0,Low,34.37
District_12,2020,Winter,12.76,44562.0,10.3,4841.0,High,42.55
District_8,2019,Summer,10.34,43756.0,15.7,4262.0,High,38.53
District_11,2014,Winter,12.35,77254.0,14.6,1452.0,High,18.31
District_19,2020,Fall,11.63,75001.0,9.7,1786.0,Low,46.29
District_17,2020,Winter,8.96,33996.0,12.4,4418.0,High,28.51
District_8,2014,Spring,3.49,66848.0,9.4,4502.0,Low,35.63
District_3,2022,Summer,10.01,57362.0,16.6,3383.0,High,40.34
District_3,2019,Summer,3.58,29253.0,9.1,1911.0,Low,33.97
District_1,2015,Winter,10.24,41406.0,14.5,1508.0,Low,40.52
District_5,2018,Fall,12.6,30648.0,14.1,4335.0,High,55.91
District_10,2024,Summer,10.02,37709.0,12.7,1424.0,High,30.01
District_7,2017,Spring,14.96,56918.0,10.8,3478.0,Low,69.29
District_9,2020,Spring,8.47,42516.0,12.0,4856.0,High,44.12
District_7,2021,Summer,11.99,43644.0,16.1,3674.0,High,48.84
District_9,2024,Fall,11.01,52379.0,15.6,1660.0,Low,51.33
District_8,2024,Fall,14.9,25233.0,15.4,1771.0,High,48.92
District_12,2014,Winter,11.56,64328.0,15.5,918.0,Low,29.6
District_2,2018,Winter,4.97,44103.0,9.4,3588.0,High,16.67
District_1,2016,Summer,14.47,48824.0,9.0,2833.0,High,57.76
District_16,2014,Winter,11.01,78458.0,16.6,1429.0,Low,29.83
District_5,2016,Winter,3.71,40662.0,16.4,1525.0,High,2.0
District_3,2019,Winter,10.89,58893.0,14.8,541.0,High,20.41
District_12,2020,Spring,13.6,43550.0,14.1,4903.0,Low,69.79
District_8,2021,Winter,9.92,73657.0,11.7,4226.0,High,34.29
District_3,2024,Summer,7.25,70805.0,10.2,2274.0,Low,37.34
District_1,2017,Fall,12.85,34497.0,14.7,4757.0,Low,63.07
District_3,2016,Winter,12.39,61505.0,17.1,3547.0,Low,45.77
District_5,2018,Fall,9.53,23910.0,12.4,3882.0,High,49.67
District_15,2022,Winter,4.85,77791.0,11.0,3560.0,Low,30.03
District_14,2019,Summer,6.01,40939.0,10.7,3906.0,High,45.71
District_3,2022,Spring,11.86,69911.0,8.2,1269.0,High,42.52
District_1,2019,Summer,12.67,39106.0,13.2,3031.0,Low,60.49
District_5,2015,Spring,6.35,57966.0,17.9,4322.0,High,27.92
District_14,2018,Winter,7.42,79015.0,16.2,588.0,High,8.15
District_7,2024,Winter,3.93,72605.0,17.0,1055.0,High,4.15
District_9,2022,Spring,11.56,29622.0,14.2,1605.0,Low,52.74
District_15,2021,Summer,3.04,52849.0,12.8,1826.0,High,21.97
District_15,2020,Summer,3.56,40912.0,17.9,1322.0,High,20.34
District_10,2014,Spring,3.05,46060.0,12.5,3309.0,Low,29.76
District_13,2017,Winter,10.74,40111.0,17.2,1823.0,Low,34.62
District_19,2020,Spring,8.01,40158.0,15.6,1211.0,Low,35.67
District_7,2024,Winter,6.57,52553.0,11.3,4576.0,Low,35.16
District_17,2020,Spring,13.95,31518.0,13.0,3628.0,High,58.64
District_20,2019,Winter,5.31,52244.0,11.8,1607.0,High,18.41
District_4,2021,Spring,7.67,36738.0,9.4,2124.0,High,38.38
District_5,2024,Fall,14.28,37339.0,11.6,3834.0,Low,67.84
District_7,2019,Winter,8.13,64325.0,16.9,4059.0,High,23.8
District_13,2023,Summer,9.66,21776.0,15.5,1294.0,Low,43.14
District_15,2016,Spring,3.96,42857.0,10.8,4715.0,Low,46.46
District_11,2017,Summer,12.48,44452.0,11.7,4034.0,High,65.37
District_4,2016,Spring,8.07,49107.0,14.2,4356.0,Low,49.03
District_13,2014,Summer,12.61,60141.0,12.2,1147.0,High,39.84
District_7,2023,Summer,6.05,42181.0,13.0,1145.0,Low,42.16
District_19,2018,Spring,8.07,32788.0,15.0,1874.0,Low,35.9
District_2,2014,Spring,12.44,73092.0,12.7,791.0,Low,41.45
District_10,2014,Summer,14.69,78862.0,9.9,910.0,Low,45.61
District_13,2015,Summer,3.72,21201.0,13.2,1144.0,Low,43.19
District_6,2017,Summer,12.75,52788.0,11.6,3706.0,Low,65.1
District_12,2019,Winter,6.61,40502.0,10.9,636.0,Low,31.31
District_12,2021,Winter,9.61,36619.0,11.3,875.0,High,30.82
District_20,2016,Fall,6.48,40142.0,12.4,4749.0,Low,49.43
District_11,2014,Winter,10.36,58333.0,16.9,876.0,Low,34.8
District_7,2016,Winter,7.25,31443.0,15.3,2919.0,Low,40.64
District_1,2016,Spring,7.0,74772.0,14.7,3392.0,Low,35.61
District_1,2018,Fall,3.46,47967.0,12.7,4814.0,Low,29.87
District_20,2024,Fall,4.76,39535.0,8.0,4549.0,Low,42.39
District_13,2017,Winter,14.0,65932.0,11.4,2483.0,High,41.26
District_9,2017,Spring,14.98,20981.0,16.1,4740.0,Low,61.25
District_3,2022,Spring,12.37,45911.0,11.9,2445.0,Low,53.17
District_7,2020,Fall,6.44,41318.0,13.6,3515.0,High,44.32
District_6,2017,Spring,7.83,40293.0,10.0,1668.0,Low,47.71
District_8,2016,Summer,11.87,40224.0,17.2,3365.0,Low,46.53
District_9,2019,Winter,14.62,21876.0,17.2,2922.0,High,53.46
District_5,2016,Summer,8.47,29127.0,9.5,3231.0,High,53.86
District_1,2019,Fall,12.95,28513.0,15.2,3572.0,Low,61.9
District_19,2024,Fall,14.7,79317.0,8.8,1281.0,High,45.62
District_10,2024,Spring,13.48,21330.0,14.0,1856.0,High,39.19
District_12,2022,Spring,5.73,30024.0,9.8,3813.0,Low,43.6
District_15,2019,Fall,3.1,78450.0,9.5,1237.0,Low,15.31
District_9,2017,Fall,8.9,57695.0,8.0,2049.0,High,41.47
District_20,2018,Summer,9.38,47040.0,17.4,3499.0,Low,50.4
District_17,2019,Summer,5.42,24726.0,16.3,4719.0,Low,43.98
District_17,2024,Spring,6.42,60180.0,8.8,839.0,High,29.81
District_20,2016,Summer,12.18,28268.0,14.0,2825.0,Low,62.36
District_12,2021,Spring,8.64,60271.0,10.3,869.0,Low,47.04
District_7,2017,Spring,6.81,78751.0,10.6,2206.0,High,22.97
District_2,2021,Winter,10.47,51918.0,16.7,1289.0,Low,39.48
District_3,2023,Spring,10.83,32845.0,9.1,3422.0,Low,58.4
District_17,2023,Summer,12.23,57517.0,14.0,3910.0,High,45.8
District_5,2016,Fall,4.88,50776.0,12.0,1613.0,High,25.38
District_17,2023,Fall,11.9,51988.0,9.9,3708.0,Low,58.54
District_17,2020,Summer,10.19,48686.0,12.5,2511.0,High,45.47
District_17,2024,Fall,3.69,60424.0,17.4,1776.0,High,8.16
District_2,2022,Spring,12.33,54317.0,15.8,2855.0,High,27.87
District_2,2017,Fall,7.6,79220.0,9.3,2208.0,Low,36.94
District_5,2021,Summer,6.96,69552.0,16.5,1535.0,High,27.95
District_1,2016,Fall,8.38,35882.0,17.4,3906.0,Low,47.61
District_1,2020,Spring,7.15,63545.0,10.8,4089.0,Low,41.58
District_19,2016,Spring,7.06,32858.0,11.3,4101.0,Low,48.86
District_2,2020,Summer,12.7,66941.0,9.3,2220.0,Low,57.14
District_12,2024,Summer,4.49,28853.0,11.4,1263.0,Low,38.58
District_6,2023,Summer,14.65,48413.0,14.7,4282.0,Low,73.78
District_4,2023,Winter,9.66,67436.0,10.7,1982.0,Low,29.59
District_11,2024,Winter,5.2,36807.0,8.1,3866.0,High,37.43
District_17,2024,Spring,4.57,70227.0,11.4,4179.0,Low,36.92
District_6,2019,Winter,10.1,58649.0,12.5,3957.0,Low,52.88
District_5,2015,Winter,10.6,43851.0,13.7,2254.0,Low,49.32
District_20,2024,Fall,3.64,45405.0,14.8,4721.0,High,15.24
District_2,2016,Winter,5.92,75559.0,8.6,3471.0,High,23.17
District_6,2019,Fall,12.55,33067.0,12.7,3091.0,Low,53.07
District_11,2017,Summer,3.6,61602.0,10.7,3641.0,High,29.33
District_16,2019,Fall,13.26,62438.0,17.5,701.0,Low,45.7
District_16,2014,Fall,10.9,75347.0,11.6,2257.0,Low,53.4
District_1,2023,Summer,8.21,62790.0,9.0,4465.0,High,40.08
District_9,2014,Summer,7.16,55068.0,8.4,1225.0,High,47.54
District_6,2016,Spring,3.23,74151.0,10.7,2365.0,High,14.49
District_16,2021,Spring,12.9,69748.0,9.8,2324.0,High,36.26
District_3,2021,Spring,4.71,63007.0,14.5,2102.0,Low,33.61
District_20,2024,Spring,6.71,21955.0,16.5,3031.0,Low,40.75
District_4,2017,Fall,9.83,42411.0,11.1,4983.0,Low,68.09
District_19,2019,Fall,5.95,57913.0,13.8,1651.0,Low,27.45
District_3,2021,Spring,8.97,51335.0,15.3,3672.0,Low,45.35
District_19,2020,Winter,12.71,39159.0,12.0,3911.0,Low,59.01
District_20,2024,Spring,8.65,28665.0,8.7,3130.0,Low,47.82
District_7,2020,Winter,14.39,53180.0,10.3,939.0,Low,53.92
District_20,2017,Summer,13.17,37155.0,16.8,3076.0,Low,61.74
District_9,2022,Fall,7.0,33980.0,16.2,4791.0,Low,40.49
District_1,2023,Fall,7.8,43937.0,8.9,2039.0,High,41.48
District_8,2019,Winter,8.08,67129.0,10.2,3379.0,Low,36.04
District_7,2024,Spring,10.51,49271.0,15.7,4817.0,Low,57.6
District_18,2016,Fall,6.44,32990.0,12.9,4091.0,Low,42.06
District_8,2018,Winter,14.63,27014.0,15.6,3597.0,Low,47.46
District_1,2018,Summer,10.3,49939.0,10.1,4870.0,Low,60.57
District_11,2018,Summer,7.79,67662.0,17.5,1268.0,Low,35.0
District_18,2021,Fall,10.74,59169.0,15.8,3977.0,High,40.05
District_10,2022,Spring,7.74,33929.0,10.0,2331.0,High,37.96
District_3,2022,Winter,12.81,46202.0,13.6,2122.0,High,44.68
District_7,2019,Fall,9.81,71314.0,9.1,2843.0,High,37.72
District_16,2019,Summer,3.5,30659.0,11.6,652.0,Low,43.41
District_16,2022,Spring,5.12,51925.0,14.6,1906.0,High,25.26
District_20,2017,Winter,13.38,41374.0,11.3,1248.0,High,36.28
District_17,2019,Fall,9.75,27451.0,14.6,1124.0,Low,45.61
District_2,2017,Winter,14.4,22994.0,10.4,2018.0,Low,57.15
District_1,2024,Spring,3.87,53352.0,15.2,4110.0,High,27.92
District_16,2014,Spring,6.54,21245.0,11.6,1405.0,Low,45.68
District_12,2020,Summer,5.32,26207.0,15.9,2891.0,High,25.14
District_5,2023,Spring,9.65,40854.0,9.4,3869.0,High,49.12
District_5,2024,Fall,7.59,22611.0,11.6,1584.0,Low,45.76
District_9,2019,Winter,4.89,44027.0,12.6,4659.0,Low,35.91
District_9,2022,Spring,10.71,27822.0,12.2,4399.0,Low,56.9
District_3,2020,Spring,9.44,40992.0,12.3,1630.0,Low,47.52
District_19,2020,Fall,6.3,67470.0,12.4,4953.0,Low,47.48
District_16,2015,Winter,8.76,57582.0,17.9,3511.0,Low,33.46
District_16,2024,Winter,11.95,46724.0,9.9,1787.0,High,40.4
District_3,2022,Summer,5.46,25510.0,15.7,3565.0,Low,41.68
District_20,2023,Summer,6.51,57149.0,13.5,3498.0,Low,44.75
District_1,2022,Winter,7.15,29823.0,12.1,3228.0,Low,39.76
District_20,2019,Fall,11.96,24595.0,14.3,3703.0,Low,56.44
District_11,2016,Fall,13.16,59840.0,16.5,1707.0,Low,45.86
District_17,2014,Summer,7.52,74724.0,12.7,4905.0,High,34.98
District_8,2017,Spring,6.56,47636.0,16.6,4361.0,Low,41.85
District_4,2016,Fall,13.67,22460.0,8.9,3856.0,Low,78.17
District_6,2014,Spring,14.99,72818.0,14.5,618.0,Low,50.89
District_8,2016,Fall,11.04,24018.0,11.3,3157.0,Low,56.31
District_20,2017,Winter,14.88,72051.0,11.9,3679.0,Low,59.14
District_3,2021,Summer,10.92,43509.0,13.7,4343.0,Low,59.92
District_16,2022,Spring,11.8,41924.0,12.8,4758.0,High,52.44
District_3,2016,Spring,7.66,52568.0,11.8,4621.0,Low,50.12
District_18,2019,Winter,8.2,77425.0,11.1,2327.0,High,14.31
District_14,2023,Fall,4.73,73924.0,14.2,4534.0,High,25.66
District_18,2024,Spring,12.87,48220.0,13.1,503.0,Low,58.12
District_2,2018,Fall,14.17,61749.0,11.2,2082.0,Low,53.47
District_3,2019,Winter,10.48,54826.0,10.0,1012.0,Low,45.93
District_16,2017,Summer,7.12,61608.0,15.7,4474.0,Low,51.31
District_9,2023,Spring,4.85,69760.0,16.0,4676.0,Low,31.44
District_4,2019,Fall,6.18,22070.0,10.1,1652.0,High,32.49
District_1,2020,Spring,6.06,39546.0,10.6,2153.0,Low,34.28
District_4,2022,Fall,10.36,77560.0,10.4,4927.0,Low,58.41
District_1,2023,Fall,14.34,76960.0,16.8,3047.0,Low,46.88
District_14,2020,Fall,3.58,20673.0,15.7,2737.0,High,25.83
District_16,2019,Winter,3.01,32086.0,8.7,2752.0,Low,38.87
District_20,2014,Summer,10.2,79626.0,16.3,3633.0,Low,45.4
District_8,2015,Spring,6.41,49570.0,8.4,4795.0,Low,50.83
District_7,2014,Summer,13.57,54372.0,10.5,2150.0,Low,54.7
District_3,2022,Fall,6.93,29985.0,17.2,1277.0,High,25.17
District_17,2023,Fall,6.48,73660.0,16.6,1333.0,High,12.93
District_1,2023,Summer,6.23,33876.0,15.8,592.0,High,28.19
District_16,2022,Summer,4.74,31379.0,12.6,2999.0,Low,41.38
District_12,2020,Spring,9.98,33687.0,11.2,4681.0,Low,52.27
District_19,2015,Fall,5.02,75177.0,16.8,3709.0,Low,30.39
District_14,2019,Summer,8.1,62171.0,14.6,4968.0,Low,38.49
District_6,2024,Winter,8.53,66116.0,11.0,4593.0,Low,36.46
District_6,2017,Fall,3.25,42622.0,12.6,2713.0,High,34.58
District_13,2014,Fall,3.2,74551.0,16.8,2689.0,High,12.43
District_19,2014,Spring,9.24,67364.0,17.0,3328.0,Low,38.07
District_8,2018,Winter,11.35,65036.0,14.6,999.0,Low,36.39
District_2,2015,Spring,14.31,78256.0,15.3,3235.0,Low,58.2
District_1,2017,Winter,5.15,41972.0,8.4,2588.0,High,31.7
District_15,2014,Spring,4.24,56658.0,14.0,3392.0,High,22.49
District_1,2017,Winter,3.63,74596.0,14.9,3043.0,Low,18.67
District_5,2024,Winter,8.23,67453.0,8.2,1897.0,Low,37.46
District_16,2019,Winter,10.48,53803.0,16.4,3235.0,Low,39.27
District_19,2023,Summer,13.09,24573.0,17.3,2147.0,Low,57.94
District_4,2017,Fall,11.19,59163.0,10.4,1376.0,Low,51.45
District_3,2014,Winter,5.5,51593.0,16.5,3538.0,High,20.69
District_17,2020,Summer,8.54,31051.0,14.7,1879.0,Low,48.56
District_17,2015,Summer,13.92,72935.0,13.8,4501.0,Low,76.21
District_12,2022,Spring,6.92,40595.0,16.4,1397.0,High,33.09
District_14,2016,Fall,8.98,43249.0,10.9,3201.0,High,43.09
District_6,2021,Fall,14.5,60344.0,15.9,3072.0,High,51.89
District_3,2021,Spring,11.82,49328.0,11.1,1390.0,Low,46.38
District_9,2016,Fall,11.97,25357.0,15.9,2479.0,Low,53.43
District_5,2017,Spring,6.03,43246.0,12.5,3540.0,Low,44.93
District_17,2015,Summer,7.98,25668.0,9.2,1933.0,Low,60.29
District_14,2017,Summer,3.99,31445.0,11.8,1012.0,Low,31.89
District_3,2024,Winter,10.28,20430.0,10.3,3269.0,Low,46.4
District_1,2024,Spring,4.24,30879.0,9.0,1509.0,High,26.49
District_20,2024,Summer,13.03,39827.0,9.1,3567.0,Low,76.42
District_1,2022,Summer,12.77,52293.0,15.8,4278.0,Low,62.1
District_3,2015,Spring,9.4,75157.0,16.8,1055.0,Low,38.94
District_18,2016,Summer,4.69,52420.0,17.3,2469.0,High,23.8
District_10,2024,Fall,3.31,62336.0,16.5,2502.0,Low,29.13
District_3,2024,Summer,12.56,41461.0,16.3,3346.0,Low,54.06
District_8,2017,Spring,10.2,65098.0,8.7,2005.0,Low,43.89
District_14,2018,Fall,11.53,57228.0,15.9,2384.0,High,35.83
District_18,2014,Fall,6.65,47588.0,15.8,554.0,High,14.91
District_15,2020,Summer,9.11,31626.0,9.3,1051.0,Low,46.19
District_2,2023,Winter,11.97,38212.0,14.6,3064.0,Low,44.08
District_10,2020,Fall,8.55,57257.0,12.5,1472.0,Low,32.69
District_2,2022,Spring,10.22,45563.0,17.0,1151.0,Low,38.83
District_17,2017,Winter,12.48,73363.0,15.0,1960.0,Low,39.79
District_8,2019,Winter,5.58,34090.0,17.5,1236.0,Low,18.1
District_1,2024,Fall,3.79,24384.0,9.0,768.0,High,22.55
District_9,2015,Summer,9.38,55361.0,8.4,1777.0,High,40.41
District_11,2017,Winter,3.75,73163.0,17.7,1240.0,High,9.32
District_16,2015,Summer,12.2,41884.0,8.8,4097.0,High,58.51
District_7,2023,Fall,11.63,58863.0,11.9,782.0,High,47.02
District_10,2018,Spring,13.58,33885.0,14.5,3863.0,Low,57.9
District_3,2020,Winter,10.67,53508.0,16.8,2223.0,High,23.45
District_18,2014,Spring,3.81,67208.0,10.5,3539.0,Low,39.26
District_13,2023,Summer,6.04,72022.0,8.3,737.0,Low,25.61
District_7,2023,Summer,12.7,26307.0,13.2,4643.0,High,62.41
District_4,2020,Spring,5.01,41382.0,12.7,3953.0,High,28.99
District_13,2023,Fall,11.38,58379.0,11.1,1131.0,High,37.59
District_20,2019,Fall,12.36,22083.0,16.7,1485.0,High,38.63
District_1,2019,Winter,6.96,61437.0,15.5,3398.0,Low,32.84
District_8,2021,Winter,6.87,51682.0,16.6,4647.0,Low,24.54
District_14,2021,Fall,9.69,37314.0,9.6,2506.0,Low,47.82
District_16,2019,Fall,13.34,68879.0,14.9,2685.0,High,50.94
District_14,2016,Spring,5.69,37403.0,17.8,1570.0,Low,29.89
District_12,2018,Summer,14.3,79485.0,14.1,2224.0,Low,50.45
District_19,2015,Summer,10.19,68982.0,9.7,1787.0,High,41.08
District_15,2018,Winter,14.91,62479.0,18.0,2078.0,High,36.9
District_2,2022,Fall,4.08,23681.0,13.3,593.0,Low,30.62
District_2,2023,Spring,4.52,74259.0,16.4,685.0,High,9.25
District_19,2014,Winter,12.92,67403.0,9.5,3563.0,Low,47.43
District_17,2023,Spring,13.38,33742.0,14.7,3568.0,High,42.1
District_20,2018,Fall,8.35,43535.0,17.1,1986.0,High,18.81
District_10,2019,Fall,11.57,36118.0,13.3,4485.0,Low,54.48
District_6,2024,Fall,13.41,79065.0,10.9,1698.0,Low,57.44
District_15,2020,Summer,3.52,71252.0,9.3,2281.0,Low,33.55
District_11,2022,Fall,9.89,75814.0,11.0,3791.0,High,37.95
District_5,2019,Winter,13.24,67326.0,11.5,3846.0,Low,42.38
District_1,2018,Summer,7.78,47381.0,15.1,4375.0,Low,50.4
District_8,2020,Spring,6.63,32326.0,9.8,631.0,High,25.81
District_12,2014,Winter,12.55,32485.0,9.1,1327.0,High,36.75
District_12,2024,Winter,7.03,29101.0,11.9,3383.0,Low,35.52
District_5,2018,Spring,3.04,52799.0,12.6,2022.0,Low,24.25
District_7,2015,Summer,14.51,75198.0,14.3,696.0,High,41.6
District_4,2017,Winter,10.11,79508.0,15.1,3139.0,Low,34.52
District_6,2020,Winter,12.83,37238.0,16.9,2269.0,Low,32.11
District_13,2018,Winter,12.9,61839.0,10.9,2138.0,Low,37.1
District_20,2019,Summer,3.8,55826.0,13.3,1690.0,Low,30.26
District_15,2015,Summer,5.05,49336.0,11.7,527.0,Low,39.76
District_3,2016,Summer,6.73,59946.0,8.0,1321.0,High,26.71
District_8,2020,Winter,6.85,42282.0,13.8,2634.0,Low,34.79
District_20,2024,Fall,10.91,76669.0,16.2,1741.0,Low,48.11
District_16,2015,Spring,10.48,62327.0,8.4,4435.0,Low,54.45
District_13,2019,Fall,8.94,65252.0,8.0,1143.0,High,30.7
District_18,2018,Summer,5.54,34545.0,15.3,4439.0,High,39.38
District_10,2023,Winter,7.58,30115.0,14.8,2322.0,Low,34.11
District_19,2014,Winter,9.52,43660.0,12.1,1741.0,High,24.31
District_17,2024,Fall,8.62,66000.0,14.6,1869.0,Low,38.99
District_19,2023,Fall,4.53,76328.0,17.5,1985.0,Low,19.86
District_5,2024,Spring,10.79,45640.0,10.5,2780.0,Low,58.88
District_9,2017,Winter,3.88,66449.0,10.5,2092.0,Low,21.47
District_12,2024,Fall,7.54,48224.0,9.9,3412.0,High,39.1
District_1,2015,Spring,11.52,37714.0,15.2,2413.0,Low,57.47
District_1,2017,Summer,3.24,64356.0,11.5,3522.0,High,26.58
District_15,2014,Fall,9.84,67892.0,17.9,3220.0,Low,37.43
District_2,2015,Summer,7.01,32170.0,15.1,1600.0,High,29.5
District_16,2021,Spring,3.11,38310.0,11.7,4157.0,High,26.8
District_8,2019,Summer,5.28,49687.0,9.5,4095.0,Low,47.84
District_13,2015,Winter,14.29,31191.0,13.9,4950.0,Low,58.09
District_1,2019,Winter,9.25,75730.0,10.9,1288.0,High,23.44
District_16,2023,Summer,14.97,55480.0,17.1,4315.0,Low,65.6
District_7,2022,Winter,9.3,27272.0,12.4,4424.0,Low,44.7
District_5,2020,Spring,9.53,31042.0,10.9,3390.0,Low,52.46
District_3,2022,Winter,7.7,77261.0,13.9,2779.0,Low,25.67
District_12,2018,Summer,6.72,64290.0,9.4,4808.0,Low,49.79
District_16,2020,Summer,6.02,64064.0,13.6,4877.0,High,24.79
District_19,2024,Summer,7.12,24350.0,8.6,3388.0,Low,51.59
District_5,2020,Fall,8.52,73718.0,14.1,2118.0,High,31.6
District_14,2016,Summer,5.3,46624.0,13.3,4177.0,High,38.64
District_5,2020,Spring,5.7,59583.0,13.2,902.0,Low,32.46
District_15,2014,Winter,6.26,77581.0,14.8,1808.0,Low,23.72
District_17,2022,Winter,8.39,26001.0,8.4,4935.0,Low,48.01
District_14,2023,Fall,10.83,48937.0,12.6,4165.0,High,38.31
District_20,2019,Fall,13.27,22977.0,12.4,4728.0,High,54.9
District_5,2018,Spring,6.45,49973.0,12.6,3177.0,High,14.07
District_12,2020,Summer,5.2,35136.0,17.8,2335.0,High,32.66
District_16,2018,Fall,7.55,74664.0,9.4,4909.0,Low,49.02
District_16,2023,Winter,13.73,43910.0,14.9,1892.0,Low,49.79
District_7,2018,Fall,3.12,58032.0,12.0,3908.0,Low,31.23
District_4,2024,Fall,11.13,71617.0,13.1,3012.0,Low,39.98
District_1,2023,Summer,8.73,79022.0,15.6,1528.0,Low,39.84
District_5,2024,Fall,4.93,50229.0,9.6,579.0,Low,32.82
District_10,2020,Spring,6.85,47345.0,15.6,2227.0,Low,34.39
District_5,2023,Winter,5.7,24544.0,8.7,2965.0,Low,39.18
District_4,2020,Summer,13.53,20764.0,12.8,1324.0,Low,59.47
District_2,2024,Winter,8.78,56528.0,15.4,2365.0,Low,33.15
District_20,2016,Spring,9.76,23928.0,9.9,3268.0,Low,57.03
District_10,2016,Spring,10.12,42823.0,15.7,3717.0,High,46.71
District_19,2023,Fall,10.68,20216.0,9.7,737.0,Low,55.03
District_1,2016,Fall,8.95,56914.0,16.0,3489.0,Low,37.11
District_5,2019,Fall,3.21,45525.0,12.7,755.0,Low,23.83
District_13,2019,Winter,7.02,27621.0,14.8,627.0,Low,23.16
District_4,2016,Spring,5.21,37782.0,17.2,1186.0,High,24.59
District_16,2016,Summer,11.16,54180.0,12.1,3441.0,Low,55.57
District_16,2021,Fall,3.68,59403.0,10.3,738.0,Low,25.85
District_2,2021,Winter,9.77,47740.0,16.7,594.0,Low,28.8
District_17,2020,Fall,5.53,68238.0,9.6,1031.0,Low,34.07
District_20,2023,Spring,14.39,26746.0,14.3,4774.0,High,50.01
District_12,2017,Summer,7.03,25073.0,17.2,4583.0,High,40.27
District_18,2017,Spring,6.9,22655.0,14.7,889.0,Low,40.47
District_3,2016,Winter,14.08,52150.0,10.0,1868.0,Low,48.38
District_1,2018,Fall,8.01,62374.0,9.5,4763.0,Low,59.57
District_1,2016,Spring,14.55,27831.0,10.5,940.0,Low,54.09
District_19,2021,Winter,3.29,58337.0,11.9,926.0,Low,14.81
District_11,2020,Fall,6.68,48617.0,9.6,887.0,Low,41.34
District_5,2016,Summer,10.99,79241.0,16.0,4894.0,Low,54.47
District_12,2022,Spring,13.69,63048.0,11.6,3844.0,Low,57.59
District_3,2018,Fall,6.08,59448.0,17.4,1465.0,Low,22.71
District_1,2022,Fall,14.17,54227.0,16.4,707.0,Low,45.06
District_1,2020,Fall,10.13,79842.0,17.1,4844.0,High,44.94
District_8,2020,Fall,12.61,78828.0,10.9,2415.0,Low,52.6
District_10,2019,Spring,7.77,52287.0,13.7,3193.0,High,34.3
District_11,2015,Fall,5.55,47311.0,11.2,1756.0,High,22.71
District_12,2022,Winter,13.93,47727.0,10.6,3913.0,Low,56.82
District_13,2019,Spring,14.2,45701.0,14.1,1386.0,Low,51.34
District_12,2021,Fall,8.97,51884.0,16.2,4041.0,Low,39.35
District_14,2014,Spring,3.08,36415.0,8.9,1538.0,High,18.24
District_2,2018,Winter,4.32,75607.0,10.8,941.0,Low,15.92
District_19,2014,Winter,9.88,49414.0,10.1,2655.0,Low,52.67
District_18,2023,Spring,3.29,70520.0,16.0,4159.0,Low,37.48
District_3,2024,Fall,7.76,48518.0,17.3,2232.0,Low,28.12
District_17,2021,Fall,6.64,63097.0,8.8,630.0,Low,31.1
District_8,2021,Winter,11.57,40213.0,11.8,2990.0,High,36.17
District_10,2014,Fall,3.67,57488.0,17.1,3562.0,Low,29.22
District_2,2022,Winter,8.86,49902.0,11.4,3833.0,Low,41.07
District_19,2015,Fall,9.95,42027.0,15.1,2309.0,Low,54.62
District_9,2022,Winter,10.41,72893.0,9.0,937.0,Low,33.53
District_7,2014,Summer,7.86,26763.0,12.4,3129.0,Low,61.66
District_4,2023,Fall,6.65,49215.0,13.0,1983.0,High,31.97
District_18,2022,Fall,11.19,31662.0,15.6,4761.0,High,46.62
District_13,2017,Fall,13.17,71663.0,10.9,2762.0,High,41.35
District_11,2022,Spring,11.32,35208.0,10.6,2625.0,Low,50.96
District_4,2020,Fall,14.19,58006.0,11.0,1891.0,Low,66.12
District_4,2024,Spring,11.61,29934.0,13.6,2025.0,Low,54.65
District_10,2019,Spring,12.18,44295.0,16.8,2807.0,Low,50.93
District_5,2018,Winter,5.01,73961.0,16.3,1880.0,High,2.0
District_9,2024,Spring,8.03,29964.0,8.6,4515.0,High,42.09
District_3,2022,Spring,8.82,59792.0,16.8,2476.0,High,25.87
District_17,2015,Summer,6.08,32271.0,9.0,1814.0,Low,47.93
District_3,2024,Fall,9.34,44945.0,12.2,1199.0,Low,42.37
District_16,2015,Spring,6.49,52437.0,15.7,3526.0,Low,35.36
District_4,2024,Fall,11.25,54638.0,8.8,616.0,High,39.57
District_18,2022,Spring,8.64,56151.0,8.4,2525.0,High,40.85
District_17,2016,Winter,8.51,58408.0,11.3,2976.0,Low,34.15
District_7,2021,Summer,14.8,36306.0,15.3,2029.0,High,47.4
District_5,2024,Spring,7.71,44082.0,13.2,3874.0,High,32.25
District_12,2022,Fall,7.35,22239.0,12.2,3540.0,High,33.68
District_17,2021,Winter,6.82,66125.0,16.1,4871.0,Low,31.29
District_13,2017,Fall,13.74,70226.0,15.7,2789.0,High,51.53
District_3,2014,Winter,8.96,31954.0,15.9,2920.0,High,25.81
District_9,2017,Summer,10.2,32087.0,12.6,1606.0,Low,47.41
District_17,2022,Winter,5.17,22522.0,8.2,2235.0,High,22.84
District_17,2015,Fall,9.49,78223.0,9.7,621.0,High,36.94
District_20,2016,Fall,6.3,68431.0,15.4,3602.0,Low,34.48
District_16,2023,Spring,11.77,41642.0,15.5,1902.0,Low,43.31
District_13,2021,Winter,12.99,48914.0,17.7,2932.0,High,24.56
District_19,2019,Fall,11.58,37518.0,9.9,1647.0,High,41.69
District_17,2021,Spring,11.76,55835.0,9.2,3295.0,High,38.44
District_4,2020,Summer,9.15,63039.0,9.4,2514.0,Low,52.65
District_12,2018,Fall,11.55,46842.0,9.8,2668.0,Low,52.89
District_9,2022,Spring,8.07,72416.0,13.3,4742.0,High,23.79
District_19,2017,Fall,10.82,51022.0,17.8,3678.0,Low,55.99
District_12,2019,Winter,6.11,28655.0,13.9,1679.0,High,29.8
District_9,2015,Spring,3.84,57337.0,13.2,2768.0,Low,31.35
District_7,2015,Winter,7.96,47734.0,14.7,2600.0,High,30.49
District_14,2015,Summer,8.54,76140.0,8.7,4078.0,Low,54.57
District_20,2023,Winter,6.08,43514.0,16.2,4250.0,Low,22.53
District_19,2020,Spring,11.73,44172.0,14.5,1775.0,High,36.29
District_15,2015,Fall,3.88,59046.0,9.7,4195.0,Low,35.56
District_16,2015,Spring,5.67,51619.0,14.3,1308.0,High,12.57
District_5,2022,Winter,11.98,42467.0,14.0,3932.0,High,38.43
District_3,2020,Winter,8.25,79386.0,8.6,1620.0,Low,28.19
District_12,2024,Fall,11.46,38131.0,10.7,1841.0,High,43.73
District_20,2016,Summer,9.81,36652.0,11.9,4336.0,Low,63.79
District_4,2016,Spring,14.41,71866.0,10.4,2390.0,Low,64.46
District_16,2020,Fall,10.17,20202.0,10.4,4958.0,Low,61.68
District_7,2018,Fall,3.18,32075.0,13.7,1184.0,Low,22.35
District_13,2023,Fall,7.23,55427.0,12.7,2585.0,High,27.13
District_10,2019,Spring,4.72,29747.0,14.7,3796.0,Low,35.94
District_7,2021,Spring,14.1,79148.0,17.6,524.0,High,42.87
District_14,2022,Spring,4.25,47852.0,14.6,1183.0,Low,25.85
District_5,2014,Summer,7.65,55842.0,13.8,592.0,Low,41.25
District_3,2016,Fall,5.71,29622.0,16.5,4968.0,Low,48.71
District_11,2024,Winter,13.16,37363.0,14.3,3923.0,Low,58.63
District_11,2020,Winter,6.7,56877.0,9.7,2181.0,Low,33.14
District_18,2019,Fall,14.9,52973.0,11.1,1203.0,Low,55.02
District_15,2020,Winter,3.46,67062.0,15.3,907.0,Low,10.53
District_12,2021,Summer,4.54,36154.0,15.4,2894.0,Low,32.81
District_9,2019,Summer,5.7,59213.0,17.9,4892.0,Low,46.6
District_10,2016,Spring,12.73,37459.0,14.3,3536.0,Low,70.25
District_12,2015,Spring,13.54,55205.0,17.0,2143.0,Low,55.77
District_17,2020,Spring,3.86,56302.0,8.5,2754.0,Low,35.02
District_6,2024,Spring,3.39,27310.0,13.7,4995.0,High,23.27
District_7,2014,Spring,11.93,52918.0,17.2,2834.0,High,34.43
District_14,2016,Winter,4.6,20716.0,10.9,4839.0,Low,41.05
District_13,2024,Winter,4.6,50073.0,9.5,574.0,High,11.45
District_8,2017,Spring,3.27,61851.0,11.5,3744.0,Low,31.99
District_10,2014,Summer,3.6,24370.0,15.9,3322.0,Low,41.31
District_9,2018,Winter,6.16,76323.0,8.8,3584.0,High,23.93
District_18,2023,Summer,3.78,47525.0,14.0,3068.0,Low,49.14
District_2,2016,Summer,7.43,76305.0,9.4,699.0,Low,51.24
District_5,2015,Fall,12.99,26444.0,12.4,1173.0,High,43.13
District_5,2016,Fall,6.92,76994.0,17.7,4650.0,Low,42.19
District_6,2021,Spring,11.73,26552.0,10.0,1548.0,High,37.09
District_19,2019,Summer,4.13,47690.0,8.3,4968.0,Low,54.43
District_8,2020,Winter,10.91,76280.0,12.3,3558.0,Low,43.66
District_16,2019,Fall,6.8,33962.0,13.8,2500.0,Low,36.12
District_13,2019,Fall,12.0,22087.0,11.0,4640.0,High,60.39
District_1,2016,Summer,4.64,67587.0,13.4,4077.0,Low,35.14
District_20,2021,Fall,13.77,55753.0,17.5,2430.0,Low,50.17
District_17,2020,Fall,5.91,50835.0,11.1,809.0,High,24.19
District_7,2020,Winter,7.24,22061.0,11.1,4407.0,Low,35.46
District_13,2019,Summer,14.4,59194.0,12.8,3943.0,Low,66.92
District_4,2018,Fall,9.94,30297.0,13.2,4058.0,Low,49.82
District_4,2023,Summer,7.39,75872.0,8.0,3852.0,Low,48.57
District_6,2021,Fall,14.4,61144.0,14.2,1741.0,Low,52.39
District_19,2018,Winter,6.95,62422.0,18.0,4365.0,Low,21.65
District_12,2022,Summer,4.14,33955.0,10.9,510.0,High,23.32
District_7,2022,Fall,14.96,72845.0,14.3,1568.0,Low,51.0
District_10,2014,Winter,6.21,52264.0,8.0,710.0,Low,26.95
District_19,2019,Fall,13.22,71425.0,14.0,998.0,Low,41.51
District_7,2020,Summer,4.99,36257.0,12.5,2896.0,High,26.47
District_3,2016,Fall,11.78,65328.0,13.3,668.0,High,28.25
District_13,2020,Summer,9.29,54474.0,13.4,1316.0,Low,35.88
District_13,2024,Summer,14.77,22905.0,9.8,1547.0,High,54.13
District_18,2024,Fall,9.63,44321.0,15.7,3449.0,Low,53.23
District_20,2020,Winter,3.3,31035.0,13.6,2610.0,High,7.15
District_8,2024,Spring,10.25,41550.0,10.7,2563.0,Low,54.92
District_9,2015,Winter,4.74,43001.0,17.4,3958.0,Low,20.2
District_7,2020,Winter,12.58,48496.0,8.1,2555.0,Low,53.24
District_1,2014,Fall,13.28,56017.0,15.3,2068.0,High,53.89
District_3,2018,Winter,8.79,54259.0,11.8,4831.0,High,36.46
District_13,2022,Winter,12.4,22339.0,13.2,537.0,Low,42.07
District_17,2020,Spring,4.74,65041.0,10.9,1874.0,Low,30.0
District_1,2020,Winter,8.9,76951.0,11.2,3242.0,High,30.67
District_6,2024,Spring,7.73,40921.0,8.2,4023.0,Low,53.06
District_6,2015,Fall,10.34,30785.0,15.3,4174.0,High,44.77
District_12,2021,Spring,3.53,52400.0,15.1,707.0,Low,19.64
District_13,2016,Summer,12.03,62295.0,14.5,3691.0,High,48.9
District_13,2021,Summer,3.95,60734.0,16.8,3741.0,Low,26.25
District_15,2016,Spring,10.88,56727.0,17.0,1463.0,Low,37.07
District_16,2023,Summer,3.22,28774.0,13.6,1007.0,High,32.14
District_11,2020,Fall,12.98,70209.0,14.8,3874.0,Low,58.06
District_5,2015,Summer,5.1,45537.0,8.1,1623.0,High,32.02
District_4,2017,Spring,9.19,33288.0,16.5,508.0,High,21.57
District_3,2024,Fall,6.14,25176.0,16.2,1506.0,Low,44.99
District_19,2019,Summer,11.67,45003.0,8.2,640.0,Low,53.03
District_20,2024,Fall,6.86,57078.0,13.4,1621.0,High,20.22
District_18,2022,Spring,11.7,59923.0,17.1,2008.0,Low,44.08
District_15,2018,Summer,6.42,77764.0,9.8,1721.0,Low,37.03
District_9,2022,Fall,12.03,29189.0,11.5,4640.0,Low,53.02
District_17,2018,Fall,3.37,79146.0,11.3,1546.0,High,7.67
District_14,2023,Summer,6.4,59281.0,11.6,2604.0,High,32.37
District_15,2021,Fall,8.98,47254.0,8.4,4808.0,High,40.73
District_1,2014,Fall,3.54,73292.0,10.8,4456.0,High,17.67
District_3,2020,Spring,5.23,61669.0,10.9,1892.0,Low,25.23
District_16,2017,Spring,14.21,40923.0,16.7,1969.0,Low,51.72
District_11,2018,Spring,14.72,73045.0,11.5,3170.0,High,47.19
District_12,2019,Spring,11.88,59997.0,12.5,4630.0,Low,60.31
District_10,2018,Spring,6.03,61930.0,11.8,545.0,High,13.59
District_16,2014,Spring,6.13,73783.0,9.2,2269.0,High,24.92
District_8,2022,Summer,10.75,46905.0,17.9,4324.0,Low,51.55
District_6,2015,Spring,4.41,59414.0,16.3,2347.0,Low,29.66
District_12,2022,Fall,14.38,64681.0,13.4,3740.0,Low,59.14
District_8,2023,Summer,5.7,47236.0,12.8,3614.0,Low,46.95
District_4,2015,Fall,15.0,25007.0,14.5,1425.0,High,54.68
District_8,2022,Spring,8.95,66286.0,11.3,2523.0,Low,43.73
District_18,2019,Spring,12.26,22869.0,8.5,3048.0,Low,67.33
District_5,2024,Fall,3.03,63075.0,12.0,3720.0,Low,25.67
District_9,2022,Fall,13.66,74653.0,17.8,4201.0,Low,45.43
District_4,2019,Fall,6.24,40818.0,9.8,3920.0,High,43.03
District_17,2019,Winter,11.02,26124.0,13.3,627.0,Low,40.63
District_9,2024,Winter,12.68,33972.0,8.1,3518.0,High,49.04
District_1,2015,Winter,4.97,53737.0,9.2,2738.0,Low,36.2
District_20,2021,Winter,8.31,76560.0,13.9,3082.0,Low,27.88
District_13,2016,Summer,8.93,50737.0,11.0,2178.0,High,37.19
District_16,2020,Spring,6.75,26764.0,17.1,3713.0,Low,45.04
District_13,2018,Fall,8.78,57667.0,12.1,3532.0,High,35.11
District_14,2016,Spring,6.81,63971.0,10.1,3108.0,High,27.89
District_3,2014,Fall,7.33,43597.0,13.5,4377.0,Low,40.11
District_6,2021,Spring,11.03,63291.0,15.9,959.0,High,33.48
District_18,2016,Summer,10.59,39489.0,8.2,1855.0,High,45.21
District_19,2015,Winter,5.79,67345.0,13.1,2728.0,Low,30.9
District_5,2014,Spring,13.77,40464.0,15.7,4814.0,Low,63.53
District_15,2017,Fall,13.35,35366.0,9.0,824.0,Low,63.48
District_2,2021,Spring,9.11,72751.0,17.0,2017.0,Low,26.43
District_10,2016,Summer,8.2,52908.0,10.6,4667.0,Low,41.57
District_18,2014,Summer,7.52,37109.0,9.7,4541.0,Low,65.93
District_13,2017,Spring,11.49,76105.0,13.9,4394.0,Low,55.65
District_5,2022,Winter,11.06,61451.0,9.8,1888.0,High,26.22
District_1,2014,Fall,5.35,33242.0,14.8,4311.0,Low,37.43
District_1,2024,Summer,11.06,56879.0,12.9,2774.0,High,44.77
District_18,2015,Summer,6.03,72222.0,9.1,3289.0,High,34.0
District_15,2022,Spring,3.22,61769.0,17.1,1575.0,Low,17.07
District_17,2015,Summer,11.39,34686.0,14.7,3680.0,Low,55.35
District_11,2016,Summer,10.74,58931.0,13.5,1975.0,Low,48.07
District_17,2020,Fall,7.93,57150.0,11.7,2047.0,High,33.12
District_13,2016,Winter,9.31,69251.0,9.3,3366.0,Low,40.71
District_1,2022,Fall,14.37,30688.0,15.1,1579.0,High,43.52
District_2,2019,Winter,10.14,61978.0,16.1,1510.0,High,18.11
District_9,2016,Fall,10.89,21642.0,9.3,2161.0,Low,66.93
District_3,2022,Spring,3.77,61771.0,12.9,4001.0,High,20.33
District_1,2014,Summer,4.99,77626.0,12.8,1511.0,High,25.13
District_16,2023,Winter,6.61,30463.0,11.5,4043.0,Low,51.91
District_6,2016,Spring,9.47,38678.0,15.9,3630.0,Low,50.33
District_17,2014,Summer,12.32,54972.0,9.0,3556.0,High,56.59
District_5,2015,Summer,6.85,63944.0,10.1,2636.0,Low,51.58
District_5,2021,Summer,7.28,40662.0,8.0,3856.0,High,52.6
District_6,2020,Fall,6.07,59856.0,11.7,561.0,Low,31.02
District_3,2015,Spring,6.06,73957.0,10.9,1875.0,High,16.12
District_5,2015,Spring,14.39,63594.0,16.7,3556.0,Low,53.65
District_5,2022,Summer,10.63,62661.0,15.5,4943.0,Low,59.43
District_10,2019,Winter,4.87,42918.0,8.8,511.0,Low,23.71
District_10,2018,Spring,11.67,74686.0,15.4,2795.0,High,33.78
District_19,2023,Fall,11.66,36639.0,14.8,4657.0,Low,65.97
District_17,2019,Winter,11.0,32317.0,10.8,4386.0,High,45.92
District_14,2022,Winter,4.62,41853.0,8.2,604.0,High,18.87
District_9,2024,Winter,7.9,59009.0,9.2,2883.0,High,22.21
District_14,2020,Winter,4.28,71701.0,10.5,519.0,Low,16.78
District_1,2023,Spring,12.8,27925.0,16.2,4053.0,High,49.72
District_19,2023,Summer,10.86,68828.0,12.7,1890.0,Low,53.11
District_13,2022,Winter,9.09,68769.0,17.2,3945.0,High,31.99
District_13,2017,Fall,7.12,55215.0,15.9,4752.0,Low,46.22
District_4,2015,Fall,5.21,65639.0,10.9,4892.0,High,29.29
District_1,2021,Summer,4.28,30913.0,16.5,4524.0,High,42.58
District_17,2017,Spring,14.63,30175.0,9.2,1419.0,High,49.75
District_8,2022,Summer,5.4,71768.0,8.4,1376.0,Low,43.07
District_2,2017,Winter,3.72,49889.0,14.1,3316.0,High,11.79
District_8,2021,Spring,14.54,34756.0,11.4,2948.0,Low,58.68
District_7,2022,Spring,9.59,61324.0,11.3,543.0,High,22.33
District_2,2022,Winter,12.56,73513.0,14.9,2263.0,Low,32.87
District_3,2023,Fall,3.53,57939.0,16.5,4580.0,High,19.99
District_18,2017,Winter,9.8,40841.0,11.2,4543.0,High,44.33
District_12,2014,Summer,7.78,48994.0,11.3,1418.0,Low,46.41
District_1,2016,Winter,12.26,65136.0,13.3,2219.0,High,22.32
District_12,2022,Fall,3.46,24050.0,14.5,3022.0,Low,38.73
District_5,2017,Winter,7.82,33030.0,10.0,4338.0,High,34.56
District_17,2018,Summer,12.59,47755.0,17.1,2894.0,Low,63.45
District_16,2020,Summer,9.27,56254.0,14.5,4857.0,Low,52.31
District_15,2018,Fall,9.6,40350.0,14.3,4096.0,High,36.46
District_15,2017,Summer,4.17,37903.0,17.0,4789.0,Low,50.72
District_5,2015,Summer,4.59,22483.0,17.1,3792.0,High,37.42
District_14,2015,Winter,11.12,21956.0,9.4,4449.0,Low,46.96
District_2,2017,Spring,11.1,36722.0,9.5,4240.0,Low,61.32
District_11,2023,Summer,14.75,51830.0,15.6,1642.0,Low,49.87
District_19,2023,Summer,11.54,53382.0,17.6,1533.0,High,42.66
District_7,2022,Fall,8.92,49642.0,14.7,4390.0,Low,42.79
District_6,2021,Fall,13.29,44593.0,12.1,881.0,High,35.79
District_2,2016,Winter,4.25,35137.0,14.8,2339.0,Low,31.48
District_6,2022,Winter,8.39,44042.0,10.3,4193.0,Low,45.73
District_18,2018,Summer,6.45,28326.0,18.0,4160.0,High,40.04
District_2,2024,Spring,4.26,26916.0,12.3,1125.0,Low,29.24
District_18,2016,Spring,12.16,37997.0,17.3,2695.0,Low,49.07
District_15,2018,Winter,9.13,79721.0,12.3,2659.0,Low,41.37
District_19,2023,Fall,9.68,39590.0,17.3,1957.0,High,33.46
District_2,2017,Summer,7.94,76187.0,11.4,4627.0,High,52.59
District_20,2021,Summer,8.52,43536.0,15.6,3439.0,High,38.51
District_6,2018,Spring,4.39,46341.0,17.5,4911.0,High,30.05
District_1,2023,Winter,11.08,67824.0,14.5,800.0,High,28.0
District_15,2021,Spring,8.19,25618.0,14.8,2275.0,Low,43.66
District_10,2022,Spring,12.8,30939.0,9.0,4258.0,Low,71.92
District_19,2017,Winter,5.36,78430.0,12.7,2402.0,High,10.41
District_17,2020,Fall,5.46,50355.0,16.9,1678.0,Low,33.58
District_5,2015,Summer,10.75,22659.0,10.4,4990.0,Low,62.84
District_4,2019,Fall,13.15,22843.0,15.9,4429.0,High,45.54
District_10,2021,Winter,8.67,74434.0,14.8,2959.0,High,21.82
District_17,2020,Winter,11.72,72402.0,10.2,3028.0,Low,43.66
District_10,2020,Summer,14.99,47504.0,10.8,531.0,High,45.58
District_17,2021,Fall,14.88,29793.0,12.3,4914.0,Low,74.03
District_20,2020,Summer,11.93,69817.0,9.3,4128.0,High,60.3
District_5,2018,Spring,11.88,39476.0,17.1,665.0,High,31.01
District_2,2020,Spring,5.97,45144.0,15.4,1293.0,High,25.85
District_6,2023,Spring,13.0,60949.0,11.6,4195.0,High,45.12
District_2,2016,Fall,7.86,41204.0,11.0,891.0,High,29.15
District_13,2018,Spring,14.54,57720.0,14.9,4738.0,High,50.77
District_11,2020,Summer,3.98,73117.0,12.2,5000.0,High,35.9
District_11,2022,Fall,8.23,67842.0,10.3,4489.0,Low,48.16
District_16,2015,Summer,9.67,42897.0,12.3,3825.0,High,36.92
District_11,2017,Winter,7.86,37276.0,16.7,2693.0,Low,38.43
District_19,2020,Fall,5.53,37131.0,8.7,871.0,High,27.74
District_15,2014,Summer,10.12,40915.0,11.7,3787.0,High,37.34
District_16,2015,Summer,12.07,49611.0,17.6,2286.0,High,49.07
District_11,2022,Fall,10.74,44996.0,8.1,3066.0,Low,63.52
District_16,2023,Winter,5.81,27980.0,16.9,1820.0,Low,20.5
District_8,2020,Fall,11.78,29807.0,11.7,1590.0,High,35.91
District_4,2023,Spring,6.08,40576.0,9.9,1959.0,High,34.82
District_8,2020,Spring,5.1,53724.0,8.1,4162.0,Low,48.76
District_4,2019,Winter,11.29,55560.0,8.7,2419.0,Low,47.85
District_3,2016,Summer,13.11,49172.0,9.7,1903.0,High,49.17
District_3,2023,Summer,8.78,64327.0,8.3,2448.0,Low,47.43
District_18,2016,Summer,9.38,64235.0,11.4,645.0,Low,47.38
District_19,2015,Fall,6.63,45658.0,8.4,4508.0,High,36.6
District_19,2024,Fall,8.94,27466.0,14.9,2983.0,Low,44.07
District_5,2019,Winter,4.58,51810.0,16.2,972.0,Low,21.33
District_18,2017,Spring,14.47,42888.0,16.9,1798.0,Low,57.17
District_10,2018,Summer,12.6,28275.0,13.5,4926.0,Low,76.06
District_6,2016,Spring,11.02,78909.0,17.5,3169.0,Low,32.65
District_1,2019,Fall,9.46,42185.0,8.1,1811.0,High,37.2
District_5,2024,Fall,12.51,57548.0,9.3,2419.0,High,43.84
District_9,2016,Fall,8.94,49408.0,10.9,1663.0,Low,43.9
District_12,2021,Spring,6.6,28570.0,15.9,643.0,High,15.89
District_14,2022,Winter,4.92,23333.0,16.9,4289.0,Low,34.66
District_2,2017,Winter,10.77,57546.0,14.2,1816.0,High,36.01
District_17,2022,Fall,14.15,34821.0,11.8,4273.0,High,50.18
District_14,2020,Summer,4.84,34619.0,14.7,2654.0,Low,41.16
District_13,2016,Spring,5.16,77419.0,9.8,1323.0,Low,35.72
District_9,2020,Fall,8.2,47706.0,12.6,4108.0,Low,46.91
District_15,2014,Spring,12.68,21766.0,13.1,2197.0,Low,52.29
District_15,2016,Spring,6.53,40391.0,9.0,3685.0,Low,47.16
District_11,2019,Winter,6.05,55069.0,8.3,4268.0,Low,41.99
District_16,2017,Fall,10.44,39714.0,15.5,4833.0,High,37.82
District_17,2020,Winter,9.43,21611.0,13.3,886.0,Low,41.82
District_4,2016,Fall,3.72,46659.0,11.3,538.0,Low,26.54
District_1,2014,Spring,3.98,26354.0,12.4,2968.0,High,23.19
District_8,2022,Winter,10.72,57150.0,17.6,1689.0,High,15.04
District_17,2019,Spring,8.58,57175.0,11.8,2611.0,Low,39.6
District_3,2021,Fall,14.65,22266.0,9.0,827.0,High,48.7
District_20,2016,Summer,11.14,37440.0,12.6,2757.0,High,41.9
District_15,2021,Winter,3.12,44821.0,14.5,1062.0,High,9.15
District_15,2015,Winter,8.77,53016.0,8.1,4274.0,High,36.41
District_14,2017,Spring,7.97,37764.0,11.3,3918.0,Low,53.6
District_14,2016,Spring,4.28,37265.0,11.9,833.0,Low,33.25
District_2,2023,Summer,14.08,78981.0,12.6,4264.0,Low,60.3
District_13,2014,Winter,12.66,22512.0,11.0,1962.0,Low,48.57
District_14,2020,Fall,5.76,79343.0,14.7,2088.0,Low,25.37
District_19,2024,Fall,6.07,22865.0,17.4,1309.0,Low,25.25
District_7,2023,Winter,3.38,37300.0,17.1,4259.0,High,17.42
District_3,2015,Winter,6.56,49621.0,14.6,2321.0,Low,29.11
District_15,2017,Winter,10.02,28598.0,13.1,720.0,Low,33.8
District_14,2022,Summer,8.05,28091.0,16.3,4848.0,Low,58.22
District_11,2019,Fall,14.63,35379.0,16.4,1651.0,Low,53.17
District_15,2021,Fall,3.67,78410.0,16.3,4713.0,High,26.43
District_13,2015,Spring,10.1,42807.0,9.6,1856.0,High,38.04
District_18,2020,Spring,13.3,53960.0,8.3,4241.0,Low,57.15
District_6,2019,Winter,8.77,62257.0,17.8,3489.0,High,29.83
District_3,2022,Spring,3.04,64533.0,17.6,4376.0,High,19.27
District_19,2020,Summer,5.91,61282.0,13.6,4893.0,High,31.89
District_15,2014,Fall,6.89,40216.0,17.9,4422.0,High,29.5
District_5,2021,Fall,14.59,26704.0,15.7,2316.0,Low,54.57
District_10,2024,Spring,13.94,36903.0,13.2,4165.0,Low,67.6
District_7,2023,Winter,14.39,32618.0,11.9,3702.0,Low,46.89
District_17,2016,Spring,12.91,28177.0,13.9,777.0,High,41.84
District_7,2015,Winter,7.22,21470.0,13.2,4684.0,High,24.13
District_12,2016,Summer,13.87,76144.0,17.9,2597.0,Low,43.68
District_17,2024,Fall,14.78,75262.0,12.9,1105.0,High,43.12
District_13,2019,Summer,7.2,23025.0,16.4,2414.0,Low,39.38
District_20,2016,Fall,6.13,30385.0,16.1,3214.0,High,32.75
District_4,2023,Summer,9.56,28370.0,8.7,3078.0,Low,64.99
District_10,2018,Spring,5.25,36873.0,8.9,3087.0,Low,39.74
District_3,2019,Summer,3.39,32244.0,14.6,1651.0,Low,36.44
District_9,2021,Summer,14.35,76751.0,10.6,3347.0,Low,71.18
District_13,2020,Spring,14.11,25050.0,14.6,4583.0,Low,59.9
District_18,2024,Fall,4.95,32700.0,9.4,2249.0,Low,44.08
District_15,2021,Fall,7.89,24843.0,12.0,3338.0,Low,45.16
District_4,2016,Spring,12.97,78823.0,9.0,1598.0,Low,50.39
District_15,2017,Summer,10.93,75105.0,10.8,717.0,Low,44.28
District_2,2019,Summer,7.74,62998.0,8.9,3136.0,Low,47.49
District_15,2024,Summer,11.93,45558.0,17.7,714.0,High,35.63
District_8,2020,Winter,13.76,31411.0,12.0,3756.0,High,43.02
District_8,2022,Fall,14.11,33289.0,17.0,3517.0,High,48.17
District_17,2014,Summer,7.55,46582.0,17.7,2162.0,High,36.5
District_12,2021,Fall,5.08,66093.0,17.1,2351.0,Low,20.86
District_19,2021,Summer,13.95,35884.0,12.5,4630.0,High,62.99
District_10,2019,Spring,4.11,38648.0,15.8,559.0,Low,18.98
District_9,2017,Spring,11.66,55997.0,9.5,3035.0,Low,49.23
District_5,2016,Fall,4.69,34264.0,8.9,4655.0,Low,37.32
District_6,2024,Fall,7.67,55053.0,16.8,4613.0,Low,48.38
District_20,2016,Spring,7.94,43228.0,8.3,3131.0,High,37.24
District_2,2019,Winter,4.91,22062.0,17.7,2216.0,Low,20.38
District_13,2021,Spring,14.07,44162.0,14.7,945.0,High,41.32
District_6,2020,Summer,3.03,75172.0,12.2,1282.0,Low,26.21
District_5,2024,Winter,13.73,37587.0,9.4,3559.0,High,52.44
District_1,2014,Spring,13.61,39370.0,15.2,575.0,High,33.51
District_6,2024,Winter,6.8,23956.0,13.6,4476.0,Low,39.5
District_6,2019,Winter,11.45,56903.0,15.1,3146.0,Low,45.67
District_16,2020,Winter,6.03,70955.0,12.2,703.0,High,6.04
District_4,2020,Fall,12.11,41175.0,8.7,1579.0,Low,52.85
District_11,2022,Spring,9.73,34415.0,11.1,3174.0,Low,45.16
District_9,2024,Fall,6.6,77397.0,11.2,660.0,High,16.39
District_3,2024,Fall,7.8,64704.0,8.1,4010.0,Low,40.97
District_19,2023,Summer,11.28,54030.0,8.1,4640.0,Low,60.61
District_8,2018,Summer,13.87,38332.0,11.3,4825.0,Low,65.55
District_5,2014,Winter,4.57,33248.0,15.3,3801.0,Low,26.22
District_4,2015,Winter,9.86,62945.0,14.2,4356.0,Low,45.89
District_6,2017,Summer,6.04,51307.0,10.4,3248.0,Low,48.17
District_2,2018,Summer,12.62,51236.0,14.0,2563.0,High,54.0
District_20,2022,Spring,3.84,24423.0,14.5,3709.0,Low,34.66
District_11,2024,Winter,11.27,50732.0,13.2,1509.0,Low,34.37
District_4,2014,Winter,5.1,69365.0,13.2,994.0,High,8.48
District_15,2016,Summer,10.16,76808.0,11.7,3928.0,High,40.92
District_6,2018,Spring,13.03,26401.0,9.2,4812.0,Low,69.87
District_17,2016,Summer,12.06,57870.0,11.9,3099.0,High,41.39
District_6,2017,Summer,12.04,54101.0,11.5,2671.0,Low,58.17
District_19,2016,Fall,9.21,73419.0,13.9,2905.0,High,39.34
District_2,2017,Winter,13.69,65075.0,16.6,2653.0,Low,38.25
District_15,2014,Spring,10.06,77916.0,11.8,2490.0,High,30.97
District_11,2021,Fall,14.01,77602.0,15.1,4762.0,High,38.94
District_8,2017,Winter,9.56,33541.0,16.1,2659.0,Low,43.27
District_19,2020,Summer,9.07,63521.0,10.1,865.0,Low,45.14
District_13,2015,Spring,5.67,51831.0,17.0,3945.0,High,22.61
District_12,2015,Winter,9.54,32876.0,8.7,2262.0,High,34.23
District_5,2019,Summer,4.69,31692.0,17.0,3698.0,High,30.69
District_6,2015,Fall,13.44,24865.0,9.6,3108.0,High,51.04
District_4,2019,Spring,11.11,67733.0,11.4,3709.0,Low,44.35
District_19,2024,Winter,14.92,39470.0,14.1,779.0,Low,47.44
District_20,2015,Fall,4.11,71418.0,17.1,652.0,High,9.52
District_1,2017,Summer,5.89,56499.0,10.6,2203.0,High,30.36
District_20,2020,Summer,13.53,60418.0,15.6,3619.0,Low,58.45
District_17,2021,Winter,7.74,37500.0,15.1,1507.0,High,25.55
District_12,2016,Summer,8.6,47438.0,9.6,2450.0,Low,53.58
District_15,2022,Spring,13.33,44739.0,12.8,4914.0,Low,55.93
District_1,2015,Winter,9.26,34141.0,12.8,1467.0,High,33.07
District_14,2021,Fall,5.32,69951.0,11.0,4316.0,High,33.12
District_6,2021,Winter,13.7,57325.0,15.8,4215.0,High,42.55
District_5,2017,Winter,3.37,22246.0,17.3,4511.0,Low,24.4
District_11,2014,Fall,13.74,69195.0,15.2,4618.0,Low,61.94
District_4,2014,Summer,3.61,26362.0,17.7,2783.0,Low,36.58
District_13,2015,Fall,10.99,44222.0,8.5,3569.0,Low,52.24
District_11,2022,Spring,3.86,54275.0,8.4,3285.0,Low,38.43
District_3,2015,Summer,11.47,20459.0,16.9,1890.0,Low,59.11
District_1,2015,Winter,3.41,59174.0,17.0,1759.0,High,7.78
District_6,2019,Summer,13.11,59582.0,9.1,2037.0,High,41.88
District_18,2020,Summer,8.59,59152.0,11.6,1483.0,High,37.48
District_10,2020,Spring,4.12,29808.0,16.4,3908.0,Low,33.38
District_5,2022,Summer,11.48,35344.0,9.3,4841.0,High,49.21
District_10,2019,Summer,8.87,34843.0,10.7,4405.0,Low,62.74
District_12,2021,Summer,5.29,77604.0,14.8,1481.0,Low,34.64
District_2,2024,Winter,3.19,24052.0,17.8,734.0,High,5.59
District_13,2019,Summer,8.02,45726.0,16.0,3907.0,Low,43.83
District_8,2015,Fall,4.03,72275.0,15.8,2256.0,High,22.19
District_2,2014,Summer,4.13,66168.0,11.4,4211.0,Low,44.34
District_20,2018,Spring,6.21,69347.0,14.6,4007.0,Low,39.54
District_1,2022,Summer,10.57,78338.0,9.1,3314.0,Low,60.08
District_5,2021,Summer,9.36,43236.0,17.9,1649.0,High,40.0
District_9,2017,Winter,3.83,38579.0,12.8,968.0,High,12.5
District_17,2018,Fall,14.62,21840.0,14.4,1637.0,Low,53.11
District_9,2018,Summer,13.65,29001.0,16.8,2794.0,High,47.95
District_11,2019,Fall,6.11,53721.0,8.0,4908.0,Low,46.33
District_15,2016,Spring,4.47,29460.0,17.8,787.0,High,21.43
District_6,2018,Winter,14.31,64178.0,11.6,1400.0,Low,46.83
District_3,2015,Fall,8.53,22234.0,11.4,3323.0,Low,48.15
District_17,2023,Winter,6.73,35569.0,9.5,1870.0,High,23.66
District_5,2014,Summer,8.88,61727.0,16.6,4363.0,High,46.07
District_12,2024,Spring,12.27,35330.0,16.7,1127.0,Low,49.13
District_18,2014,Winter,5.02,63726.0,8.2,4834.0,High,31.51
District_14,2023,Summer,12.21,79752.0,8.6,4606.0,Low,58.24
District_11,2020,Fall,11.99,67825.0,17.2,4494.0,High,40.06
District_9,2015,Spring,9.47,40510.0,9.2,1279.0,High,33.01
District_2,2017,Spring,13.39,74036.0,14.2,1983.0,High,45.62
District_12,2018,Fall,4.59,23071.0,14.2,4118.0,High,30.47
District_3,2020,Fall,10.15,63500.0,16.7,4135.0,Low,43.68
District_3,2015,Spring,8.39,21399.0,13.7,3673.0,Low,39.03
District_1,2019,Winter,8.07,30473.0,12.3,2516.0,High,34.86
District_8,2014,Spring,6.03,79255.0,17.7,1902.0,Low,32.45
District_8,2020,Fall,7.47,41653.0,10.3,4833.0,Low,41.37
District_11,2022,Winter,4.3,69230.0,10.6,1127.0,High,11.18
District_9,2018,Summer,6.02,42565.0,8.8,697.0,Low,46.64
District_5,2018,Spring,6.26,70402.0,17.8,541.0,Low,25.35
District_14,2017,Fall,11.65,77926.0,15.1,3988.0,High,37.15
District_3,2016,Summer,3.58,46132.0,8.1,755.0,Low,31.45
District_5,2022,Spring,10.81,53561.0,15.0,2924.0,Low,52.57
District_5,2018,Spring,5.66,57718.0,12.0,2153.0,High,27.76
District_19,2021,Winter,3.98,76090.0,17.7,1161.0,Low,14.54
District_14,2022,Fall,6.61,35405.0,10.8,3833.0,High,42.79
District_4,2018,Summer,5.69,56675.0,15.1,748.0,Low,43.8
District_13,2023,Spring,9.62,39483.0,14.3,1933.0,Low,42.03
District_10,2022,Winter,7.29,33016.0,8.1,3030.0,High,29.62
District_18,2015,Summer,14.59,25095.0,16.9,2311.0,Low,60.77
District_8,2022,Summer,14.56,57243.0,9.4,1666.0,Low,58.81
District_8,2024,Spring,8.32,72925.0,14.6,4667.0,Low,49.21
District_7,2017,Summer,12.54,41084.0,15.8,4689.0,High,60.22
District_8,2019,Spring,3.16,53160.0,14.3,2372.0,Low,32.06
District_14,2019,Winter,9.57,58528.0,9.0,2272.0,Low,48.33
District_19,2019,Winter,11.92,44879.0,17.8,1883.0,Low,38.47
District_6,2015,Summer,5.6,74201.0,10.4,4351.0,Low,47.44
District_1,2020,Spring,3.73,41765.0,14.3,3056.0,High,25.22
District_15,2019,Fall,4.87,27501.0,16.0,903.0,High,17.69
District_1,2024,Winter,8.3,28641.0,17.4,4340.0,Low,33.74
District_17,2014,Spring,9.08,73451.0,14.0,2907.0,Low,41.08
District_1,2015,Spring,7.57,79280.0,10.6,2370.0,Low,35.22
District_15,2020,Spring,8.28,37336.0,16.4,2020.0,High,39.64
District_2,2014,Summer,8.64,28616.0,9.6,947.0,Low,43.08
District_14,2014,Fall,12.23,48933.0,8.2,4805.0,Low,64.14
District_8,2014,Summer,4.26,62572.0,17.1,3836.0,Low,37.14
District_8,2021,Winter,12.23,56744.0,13.8,1093.0,Low,34.43
District_19,2017,Summer,11.26,77066.0,8.7,2801.0,High,44.01
District_7,2017,Spring,11.9,69067.0,13.8,3000.0,Low,48.9
District_19,2015,Summer,11.81,72138.0,9.5,1255.0,Low,47.23
District_6,2024,Spring,8.65,52500.0,8.3,2422.0,High,38.74
District_6,2024,Fall,5.54,39637.0,9.2,3406.0,Low,51.84
District_3,2024,Summer,9.44,62104.0,15.8,1778.0,Low,41.97
District_7,2014,Summer,14.5,46343.0,15.6,1992.0,High,53.55
District_19,2023,Summer,10.06,37265.0,14.0,1049.0,High,47.21
District_8,2022,Spring,3.13,29136.0,10.1,2360.0,Low,39.48
District_10,2020,Spring,3.72,51672.0,15.4,3127.0,High,15.9
District_20,2017,Summer,14.91,55655.0,12.1,1024.0,High,42.24
District_15,2019,Summer,3.86,54127.0,13.1,3267.0,Low,36.68
District_15,2015,Fall,3.55,26993.0,17.0,2290.0,High,20.02
District_1,2020,Fall,7.24,54199.0,12.6,3552.0,Low,32.69
District_20,2015,Winter,14.63,30105.0,14.3,1917.0,High,40.69
District_7,2023,Fall,6.82,59823.0,17.6,3058.0,Low,30.51
District_4,2021,Fall,7.92,45763.0,12.5,3258.0,High,34.6
District_6,2021,Fall,10.61,70927.0,13.6,3607.0,High,36.54
District_1,2014,Spring,3.29,66696.0,13.8,3906.0,Low,29.06
District_5,2021,Fall,13.77,63463.0,10.4,1114.0,High,46.61
District_1,2015,Fall,9.23,62044.0,15.4,4844.0,Low,42.94
District_4,2019,Summer,8.6,53629.0,15.3,4296.0,Low,41.93
District_2,2014,Spring,13.33,23667.0,10.1,3030.0,Low,66.88
District_10,2018,Winter,14.44,59329.0,8.1,4507.0,High,52.81
District_5,2024,Winter,8.08,48015.0,18.0,2221.0,Low,31.36
District_10,2020,Fall,5.07,48173.0,13.8,654.0,Low,24.17
District_1,2023,Winter,12.79,42741.0,9.8,3772.0,High,47.12
District_6,2014,Winter,7.84,75744.0,10.8,4745.0,High,22.23
District_13,2015,Winter,14.23,34967.0,14.2,1228.0,Low,45.32
District_15,2020,Fall,14.4,38996.0,9.4,3397.0,Low,73.55
District_4,2019,Winter,4.38,77782.0,8.4,4160.0,High,23.37
District_13,2016,Fall,14.48,68609.0,16.0,4573.0,Low,58.27
District_20,2023,Summer,7.42,20845.0,15.2,1744.0,Low,44.78
District_15,2015,Summer,10.76,74366.0,11.1,1079.0,High,32.37
District_8,2023,Winter,3.42,33599.0,8.6,1615.0,Low,34.86
District_5,2017,Summer,13.67,62356.0,12.9,3100.0,High,56.3
District_15,2016,Fall,10.7,53184.0,10.8,4634.0,Low,60.9
District_4,2020,Summer,10.72,52209.0,12.0,3121.0,Low,55.9
District_12,2021,Winter,13.83,63075.0,10.7,4638.0,Low,53.46
District_13,2015,Fall,9.1,32431.0,9.8,3965.0,Low,51.23
District_2,2023,Spring,7.93,29542.0,11.9,3193.0,High,44.25
District_19,2020,Fall,13.39,59115.0,17.6,598.0,Low,34.7
District_19,2021,Summer,11.91,37435.0,10.7,1999.0,High,52.32
District_4,2019,Spring,14.39,78437.0,11.4,759.0,Low,41.24
District_4,2019,Fall,14.28,47091.0,11.3,1950.0,Low,57.18
District_11,2023,Spring,7.59,26696.0,12.8,781.0,Low,38.38
District_5,2014,Spring,8.36,61149.0,16.4,1255.0,Low,26.67
District_20,2017,Spring,6.07,38370.0,12.0,2348.0,Low,34.17
District_11,2014,Fall,10.93,28915.0,16.1,2817.0,High,44.02
District_10,2017,Summer,7.37,45369.0,9.2,1477.0,High,44.31
District_8,2015,Fall,12.43,77853.0,16.9,3797.0,High,40.41
District_6,2024,Summer,4.46,44686.0,9.9,3157.0,Low,40.62
District_6,2018,Fall,4.4,40840.0,8.4,3613.0,Low,37.47
District_8,2023,Fall,5.45,46671.0,9.6,3797.0,Low,39.74
District_15,2022,Fall,4.01,20727.0,9.9,3771.0,Low,43.21
District_14,2024,Summer,10.44,27986.0,13.1,4713.0,Low,64.25
District_11,2023,Fall,4.77,70980.0,12.5,1567.0,High,24.62
District_12,2016,Spring,4.92,78682.0,15.2,1716.0,Low,24.12
District_13,2021,Fall,3.17,29476.0,8.5,924.0,High,19.45
District_8,2016,Spring,12.39,52131.0,13.0,3167.0,Low,48.03
District_18,2019,Winter,12.75,77980.0,11.3,2278.0,Low,41.64
District_1,2017,Winter,4.94,29395.0,14.3,2733.0,Low,20.6
District_15,2021,Summer,11.87,31179.0,8.4,1264.0,Low,57.34
District_8,2024,Summer,8.2,75609.0,8.3,3421.0,Low,44.78
District_11,2019,Winter,5.88,62341.0,12.3,3286.0,Low,28.62
District_12,2021,Fall,10.46,29118.0,16.1,1692.0,High,38.01
District_12,2014,Fall,5.14,43610.0,14.7,2594.0,High,26.29
District_4,2019,Fall,12.08,23376.0,8.2,4524.0,Low,70.53
District_16,2014,Winter,3.57,45960.0,9.8,3981.0,Low,26.57
District_4,2014,Spring,14.51,66674.0,10.3,1521.0,Low,61.66
District_5,2021,Summer,3.86,53238.0,12.2,4455.0,Low,46.13
District_5,2020,Spring,9.95,58847.0,13.9,803.0,Low,41.75
District_8,2016,Winter,13.83,39609.0,10.2,2363.0,Low,58.18
District_10,2019,Spring,3.14,29684.0,11.8,861.0,High,19.04
District_17,2022,Fall,8.98,20787.0,13.8,4659.0,High,43.9
District_9,2020,Fall,7.2,69279.0,11.8,683.0,Low,39.57
District_19,2016,Spring,9.96,58199.0,9.4,1181.0,High,30.11
District_14,2019,Winter,5.71,33759.0,12.9,4618.0,High,26.08
District_8,2024,Spring,3.78,45106.0,11.2,3120.0,Low,40.59
District_9,2017,Fall,10.51,68087.0,16.6,4078.0,Low,45.61
District_11,2016,Fall,8.0,52322.0,15.8,574.0,Low,30.19
District_1,2022,Winter,10.47,38010.0,9.9,2386.0,High,30.01
District_14,2023,Spring,5.53,36031.0,9.5,4930.0,Low,48.87
District_5,2015,Fall,7.06,33057.0,11.5,3109.0,Low,43.41
District_14,2014,Fall,9.74,69424.0,12.1,4324.0,Low,52.23
District_4,2015,Spring,10.12,54912.0,17.3,4836.0,High,46.45
District_1,2020,Spring,7.47,62549.0,11.0,3583.0,Low,48.38
District_19,2023,Summer,6.36,71607.0,16.7,1974.0,Low,22.79
District_8,2014,Winter,6.28,79212.0,13.1,1889.0,Low,27.03
District_15,2019,Winter,5.1,34969.0,16.9,821.0,High,14.04
District_15,2020,Spring,6.9,30854.0,15.0,2425.0,Low,37.4
District_9,2022,Winter,5.39,47720.0,15.1,4619.0,Low,38.32
District_9,2021,Fall,10.61,22104.0,13.2,2651.0,Low,54.44
District_10,2019,Spring,9.83,67503.0,16.4,4599.0,High,26.12
District_20,2016,Spring,7.59,73026.0,10.5,4177.0,Low,44.72
District_9,2021,Spring,6.91,61162.0,17.1,4929.0,High,28.46
District_3,2020,Summer,5.85,36080.0,14.4,4765.0,Low,46.0
District_20,2016,Winter,9.43,27389.0,12.4,3679.0,Low,46.92
District_11,2022,Summer,14.03,42929.0,17.8,4420.0,High,57.32
District_6,2015,Fall,11.23,70000.0,16.6,3866.0,Low,50.9
District_2,2016,Winter,11.93,40870.0,15.7,3665.0,Low,49.48
District_7,2015,Summer,13.01,22055.0,10.7,3720.0,High,53.87
District_18,2014,Spring,7.22,36457.0,17.7,3745.0,High,24.77
District_2,2017,Summer,3.75,79397.0,15.4,2207.0,High,20.02
District_17,2018,Spring,10.47,60600.0,14.1,2406.0,Low,49.64
District_11,2019,Summer,5.26,74051.0,17.2,1823.0,High,22.07
District_12,2018,Summer,9.83,66492.0,9.6,1167.0,Low,37.95
District_19,2014,Summer,11.87,52382.0,9.4,2563.0,Low,62.86
District_7,2016,Spring,12.4,28921.0,13.6,4550.0,Low,52.9
District_20,2014,Summer,6.62,40919.0,8.6,3431.0,High,45.57
District_6,2024,Winter,9.15,55024.0,14.6,753.0,Low,26.45
District_1,2018,Winter,10.45,72238.0,10.4,4150.0,High,35.85
District_17,2018,Winter,12.83,36121.0,9.2,4709.0,Low,69.12
District_11,2024,Spring,12.14,27274.0,12.1,4232.0,Low,59.09
District_18,2019,Spring,14.86,53530.0,12.7,3774.0,High,48.0
District_17,2021,Winter,3.1,30590.0,9.7,1176.0,Low,21.81
District_7,2023,Winter,8.25,56622.0,8.4,2070.0,Low,29.41
District_17,2014,Winter,6.07,35811.0,12.1,3044.0,High,18.78
District_20,2017,Fall,4.44,33858.0,15.6,846.0,Low,33.29
District_9,2023,Winter,13.94,43951.0,16.7,978.0,Low,31.58
District_17,2024,Summer,14.98,55592.0,9.0,4704.0,High,61.1
District_20,2014,Fall,5.17,52719.0,13.2,3662.0,High,28.95
District_8,2022,Fall,3.46,34684.0,10.6,1738.0,Low,30.98
District_17,2024,Spring,6.3,73467.0,11.7,1973.0,Low,39.65
District_7,2020,Summer,13.02,26593.0,17.3,2230.0,Low,57.08
District_1,2020,Spring,6.53,22368.0,11.5,838.0,High,26.26
District_13,2018,Spring,3.68,56162.0,11.7,3826.0,High,25.35
District_19,2020,Summer,3.63,27404.0,10.1,1296.0,Low,40.12
District_19,2015,Spring,8.13,50293.0,17.6,4123.0,Low,41.55
District_17,2017,Summer,14.18,77106.0,12.6,4306.0,Low,63.89
District_13,2020,Summer,6.43,61915.0,13.7,3373.0,High,23.44
District_16,2016,Spring,8.13,57047.0,12.5,3964.0,High,29.47
District_8,2015,Winter,4.22,54488.0,10.5,1273.0,Low,25.56
District_19,2023,Spring,8.92,30772.0,16.1,3092.0,Low,49.9
District_18,2015,Fall,11.36,45959.0,8.3,3546.0,High,55.24
District_1,2014,Spring,6.25,40551.0,14.9,3477.0,High,21.86
District_14,2018,Summer,6.56,77184.0,13.9,1028.0,Low,29.78
District_19,2019,Fall,13.1,34539.0,9.4,2050.0,Low,66.77
District_15,2019,Summer,3.12,48291.0,9.7,1963.0,High,24.89
District_18,2022,Winter,10.64,76285.0,14.6,3076.0,High,29.88
District_2,2017,Winter,7.73,67351.0,11.1,3944.0,High,43.76
District_17,2014,Fall,6.58,77871.0,10.7,3068.0,High,33.57
District_18,2019,Winter,10.89,56500.0,8.6,3897.0,Low,47.77
District_6,2018,Winter,13.02,40027.0,15.7,945.0,High,30.0
District_19,2023,Spring,9.7,69599.0,16.8,4452.0,Low,46.97
District_4,2019,Spring,3.37,37487.0,16.2,2915.0,Low,19.75
District_1,2016,Winter,8.54,29886.0,12.7,669.0,Low,35.41
District_8,2015,Winter,8.55,62377.0,13.3,3394.0,Low,34.49
District_7,2019,Spring,9.53,58337.0,10.4,2828.0,High,36.74
District_3,2014,Winter,11.05,72737.0,9.7,1492.0,High,28.99
District_10,2020,Winter,3.23,77715.0,16.2,3940.0,Low,26.84
District_10,2020,Summer,9.02,71432.0,16.0,4701.0,Low,51.25
District_19,2023,Winter,10.06,23601.0,15.8,1952.0,Low,39.87
District_14,2020,Fall,7.12,59871.0,12.6,2723.0,High,32.93
District_2,2024,Summer,11.02,67084.0,16.6,1077.0,Low,44.44
District_1,2023,Fall,5.74,78916.0,17.3,4684.0,High,27.61
District_18,2014,Winter,6.81,42480.0,11.3,1935.0,High,21.6
District_7,2017,Spring,14.55,30193.0,10.2,1377.0,Low,65.55
District_8,2020,Summer,7.18,71176.0,12.6,2653.0,Low,48.97
District_1,2024,Spring,7.16,39048.0,9.8,695.0,Low,41.69
District_3,2022,Summer,10.15,55892.0,16.8,1638.0,High,23.6
District_8,2018,Spring,14.65,43394.0,11.4,804.0,Low,56.03
District_15,2015,Summer,14.8,44140.0,13.8,1073.0,Low,50.21
District_5,2020,Summer,9.96,63948.0,13.9,1005.0,Low,46.27
District_3,2023,Fall,3.01,41689.0,13.1,4426.0,Low,44.42
District_19,2014,Spring,13.81,61585.0,9.6,4687.0,Low,69.49
District_1,2020,Fall,9.84,20860.0,17.9,2635.0,High,35.13
District_15,2019,Fall,7.39,39479.0,9.7,3337.0,High,37.04
District_8,2020,Spring,12.95,39143.0,15.5,3632.0,High,36.69
District_2,2023,Summer,7.8,64930.0,15.9,2261.0,Low,40.69
District_3,2016,Fall,3.41,38873.0,9.5,2166.0,Low,33.71
District_14,2016,Spring,12.85,58000.0,17.3,3540.0,Low,44.44
District_14,2020,Summer,9.55,61311.0,12.9,2195.0,High,33.48
District_11,2015,Fall,7.06,59506.0,14.3,3115.0,Low,32.78
District_16,2014,Fall,6.01,56198.0,14.4,2818.0,High,36.37
District_4,2022,Fall,10.13,44817.0,13.0,2860.0,High,39.72
District_20,2022,Summer,5.5,42398.0,9.4,4232.0,Low,54.43
District_5,2020,Fall,6.89,53875.0,15.5,3668.0,High,34.2
District_14,2020,Summer,10.64,23822.0,13.8,4823.0,Low,71.73
District_16,2016,Winter,13.58,72549.0,9.2,4059.0,Low,60.96
District_18,2023,Fall,9.39,69519.0,15.0,1156.0,High,31.24
District_7,2015,Winter,12.11,40783.0,15.0,3823.0,High,29.99
District_10,2024,Spring,12.16,54009.0,13.5,3495.0,Low,58.06
District_7,2020,Fall,10.97,75934.0,8.9,3407.0,High,40.36
District_1,2022,Spring,5.95,36298.0,11.5,2663.0,High,23.58
District_19,2014,Spring,13.4,64547.0,8.5,781.0,Low,49.79
District_16,2017,Spring,8.24,24964.0,12.8,4782.0,High,43.18
District_19,2019,Winter,3.53,51402.0,17.1,4334.0,Low,11.23
District_4,2020,Summer,5.94,73038.0,8.0,2691.0,Low,45.93
District_18,2023,Winter,12.19,53103.0,10.7,1214.0,Low,48.16
District_2,2020,Winter,3.83,56975.0,16.0,4210.0,Low,25.09
District_1,2023,Spring,4.77,74458.0,8.1,2438.0,High,18.56
District_15,2015,Fall,11.33,62922.0,8.1,2256.0,High,45.6
District_5,2017,Summer,13.71,61752.0,14.1,3494.0,Low,61.25
District_20,2018,Spring,10.6,55183.0,15.9,3914.0,Low,56.79
District_11,2014,Summer,5.67,57979.0,15.8,783.0,High,10.57
District_10,2014,Winter,3.64,68222.0,15.8,3954.0,Low,9.06
District_2,2023,Summer,10.38,78754.0,11.6,3803.0,Low,53.44
District_3,2016,Summer,3.57,67720.0,16.8,3151.0,Low,29.09
District_12,2023,Fall,10.35,62452.0,8.1,2023.0,Low,50.8
District_20,2016,Spring,5.71,28133.0,11.1,1242.0,High,28.74
District_5,2021,Summer,13.86,69025.0,11.4,962.0,High,53.4
District_5,2022,Summer,8.7,64160.0,9.7,505.0,High,32.78
District_6,2024,Winter,5.69,66226.0,11.4,1429.0,High,16.46
District_9,2014,Winter,13.24,33866.0,13.9,2351.0,Low,41.63
District_2,2024,Summer,6.05,74207.0,13.2,1596.0,High,37.9
District_12,2015,Spring,6.68,25837.0,11.2,1890.0,High,36.83
District_3,2023,Summer,13.01,35217.0,15.5,2257.0,High,52.94
District_20,2015,Summer,6.71,59781.0,15.1,1887.0,Low,34.27
District_12,2017,Fall,7.92,60423.0,10.8,3761.0,Low,53.03
District_17,2015,Spring,7.17,38799.0,11.2,2713.0,Low,48.08
District_10,2020,Fall,4.4,62091.0,10.9,587.0,Low,30.76
District_14,2022,Spring,3.47,43276.0,9.3,1520.0,Low,30.94
District_17,2020,Spring,11.69,20011.0,15.5,3693.0,High,40.53
District_18,2019,Spring,10.74,29756.0,8.5,1854.0,Low,53.21
District_19,2023,Fall,6.39,72957.0,9.5,4641.0,Low,40.51
District_17,2014,Fall,6.55,33362.0,9.1,3707.0,High,40.35
District_14,2024,Fall,14.34,26775.0,16.3,1805.0,High,40.49
District_9,2023,Winter,14.85,60932.0,8.4,2824.0,Low,51.43
District_8,2022,Fall,8.68,46442.0,14.6,3503.0,High,25.18
District_2,2018,Winter,12.63,67795.0,8.4,1370.0,Low,46.73
District_13,2024,Winter,11.84,71687.0,15.9,1608.0,Low,36.97
District_7,2018,Winter,6.57,70759.0,17.1,2782.0,High,11.49
District_9,2019,Summer,3.7,38781.0,12.9,4662.0,Low,32.36
District_11,2022,Summer,4.71,50333.0,16.0,2048.0,High,15.89
District_14,2021,Summer,13.06,59009.0,15.1,2310.0,High,46.16
District_4,2021,Winter,11.77,39319.0,16.0,1358.0,Low,43.66
District_13,2021,Winter,10.97,22466.0,15.7,3169.0,High,29.95
District_2,2014,Spring,4.57,49740.0,10.1,3831.0,Low,45.45
District_5,2014,Winter,10.68,20769.0,13.0,2483.0,High,43.43
District_11,2021,Summer,12.27,77039.0,17.6,3876.0,High,45.41
District_6,2018,Winter,13.33,67801.0,11.4,1862.0,High,39.51
District_18,2022,Winter,3.16,31521.0,17.7,3681.0,Low,17.88
District_10,2015,Spring,11.21,37254.0,13.8,1663.0,High,28.7
District_4,2022,Winter,3.23,78970.0,12.6,4013.0,High,21.96
District_9,2021,Fall,11.48,42413.0,14.6,4238.0,Low,50.53
District_6,2022,Spring,10.63,67023.0,16.2,4090.0,Low,52.38
District_2,2017,Winter,4.78,46809.0,11.9,1470.0,High,16.49
District_17,2014,Winter,12.19,71846.0,8.3,3624.0,Low,58.05
District_5,2014,Spring,3.82,62225.0,15.1,2923.0,Low,31.78
District_6,2018,Winter,12.92,21375.0,17.6,4937.0,Low,47.47
District_12,2015,Summer,6.14,37663.0,14.2,2127.0,Low,40.11
District_10,2021,Fall,11.27,53480.0,9.9,3971.0,Low,60.68
District_6,2023,Fall,14.08,75570.0,10.5,2165.0,Low,52.14
District_8,2024,Summer,7.08,26122.0,17.1,2286.0,Low,48.77
District_2,2018,Winter,9.03,56070.0,8.1,999.0,High,26.52
District_12,2018,Winter,8.56,38131.0,13.5,1578.0,Low,39.25
District_13,2015,Fall,4.89,73360.0,9.6,1240.0,Low,36.0
District_7,2020,Winter,10.08,65910.0,10.8,1216.0,High,26.7
District_10,2021,Fall,11.92,42182.0,11.1,541.0,High,38.34
District_13,2023,Fall,14.0,30026.0,10.2,4072.0,Low,64.85
District_17,2014,Summer,13.21,20690.0,15.9,2606.0,Low,56.09
District_14,2015,Fall,9.12,57268.0,11.3,4119.0,High,48.84
District_2,2023,Winter,11.63,44367.0,11.5,3256.0,Low,48.13
District_11,2017,Winter,12.61,38885.0,12.5,4241.0,Low,51.65
District_1,2018,Spring,8.92,79130.0,17.0,2767.0,Low,34.55
District_19,2015,Winter,4.39,47969.0,14.9,923.0,Low,18.39
District_4,2014,Spring,8.26,64990.0,8.6,3275.0,Low,43.65
District_19,2022,Fall,13.11,30645.0,8.4,3550.0,Low,62.58
District_11,2014,Winter,10.16,20807.0,13.7,3319.0,High,28.75
District_8,2017,Summer,11.69,45054.0,16.9,4106.0,Low,58.15
District_11,2015,Summer,5.22,59940.0,11.2,3792.0,High,40.74
District_4,2024,Summer,14.57,50396.0,10.5,2447.0,High,52.12
District_17,2017,Fall,7.85,73428.0,15.5,4186.0,Low,43.44
District_7,2021,Fall,10.84,46039.0,14.0,3613.0,High,44.9
District_8,2021,Spring,3.23,38660.0,13.7,1042.0,Low,27.75
District_3,2024,Summer,4.53,74963.0,9.5,2929.0,Low,48.74
District_2,2022,Spring,12.38,44408.0,9.8,3779.0,High,52.88
District_15,2024,Spring,14.62,36179.0,10.8,2990.0,High,53.6
District_5,2018,Winter,6.84,25860.0,10.1,4771.0,Low,46.14
District_1,2020,Winter,3.45,67599.0,17.7,957.0,Low,14.86
District_4,2016,Summer,7.33,69505.0,8.2,3750.0,Low,59.67
District_15,2023,Fall,3.21,21998.0,14.3,4210.0,High,26.9
District_20,2017,Winter,5.31,41519.0,13.2,3662.0,Low,32.75
District_19,2023,Fall,12.03,64993.0,11.2,2235.0,High,56.1
District_3,2022,Spring,14.25,76783.0,16.9,2235.0,High,37.68
District_20,2023,Spring,4.05,42669.0,14.7,3140.0,High,21.99
District_11,2023,Spring,9.69,72323.0,18.0,2287.0,High,22.07
District_17,2014,Spring,6.05,43623.0,9.7,4474.0,Low,46.73
District_13,2015,Summer,4.67,30770.0,8.9,995.0,Low,40.79
District_11,2018,Spring,5.63,20207.0,9.4,3376.0,Low,47.74
District_2,2016,Winter,9.93,39811.0,10.7,1104.0,Low,39.83
District_9,2015,Spring,3.78,42709.0,12.2,2931.0,High,13.8
District_2,2014,Fall,8.21,76707.0,16.6,3720.0,Low,32.02
District_9,2023,Winter,4.62,32364.0,10.8,1245.0,High,15.79
District_9,2016,Fall,6.27,42934.0,17.2,3668.0,Low,35.97
District_8,2014,Fall,5.29,21509.0,12.6,1130.0,High,20.58
District_17,2014,Summer,13.6,65812.0,14.5,3292.0,High,40.32
District_1,2014,Summer,11.5,74908.0,10.6,2775.0,High,53.31
District_11,2021,Fall,13.42,34269.0,9.6,1841.0,Low,67.41
District_8,2016,Fall,7.6,45740.0,16.7,1002.0,Low,37.24
District_10,2024,Spring,6.76,27327.0,9.1,3811.0,Low,46.21
District_7,2014,Winter,7.57,47410.0,15.7,2218.0,Low,37.07
District_3,2020,Spring,3.22,28001.0,13.8,889.0,Low,23.12
District_3,2023,Summer,11.7,51401.0,16.6,3978.0,High,49.03
District_18,2016,Summer,7.2,64077.0,15.2,1548.0,Low,33.9
District_5,2021,Spring,6.76,53201.0,10.8,3814.0,High,33.67
District_12,2017,Winter,10.18,34713.0,13.7,3042.0,High,35.05
District_12,2017,Fall,8.23,41228.0,8.1,1375.0,Low,37.91
District_19,2018,Spring,14.77,58314.0,12.8,844.0,Low,49.85
District_6,2019,Summer,7.28,55385.0,8.9,3170.0,Low,51.78
District_2,2020,Winter,10.37,28206.0,12.3,613.0,High,21.97
District_12,2017,Summer,6.74,70697.0,9.1,795.0,Low,34.82
District_19,2021,Winter,14.89,48511.0,17.6,3660.0,High,41.62
District_5,2019,Winter,8.34,29742.0,13.2,2925.0,High,26.26
District_12,2014,Winter,10.61,27370.0,17.1,1968.0,Low,32.04
District_17,2014,Spring,4.52,77933.0,8.2,2927.0,Low,34.32
District_17,2022,Spring,11.8,36892.0,14.4,3162.0,Low,55.24
District_10,2023,Spring,6.23,74516.0,11.1,3044.0,High,37.68
District_17,2019,Winter,8.38,44635.0,12.3,3391.0,Low,39.54
District_15,2023,Winter,13.6,43155.0,16.7,4731.0,Low,52.04
District_12,2021,Summer,14.65,62056.0,17.8,2249.0,Low,54.83
District_16,2020,Fall,8.09,20593.0,10.5,1855.0,High,42.99
District_19,2019,Spring,13.02,40285.0,17.5,673.0,Low,46.67
District_8,2017,Winter,3.64,38159.0,14.9,1162.0,Low,23.15
District_17,2020,Summer,13.17,72086.0,17.5,978.0,Low,48.65
District_5,2022,Summer,10.55,51747.0,13.6,2009.0,Low,55.6
District_16,2024,Summer,8.86,41874.0,17.6,3245.0,Low,49.9
District_6,2023,Spring,13.68,35965.0,16.9,709.0,Low,40.97
District_8,2023,Spring,13.14,55431.0,9.3,3774.0,Low,59.14
District_18,2020,Fall,6.56,29100.0,11.1,2288.0,High,31.51
District_12,2014,Summer,12.5,34772.0,10.4,4836.0,Low,72.32
District_15,2023,Spring,4.19,37617.0,13.7,3058.0,High,25.06
District_9,2022,Summer,12.87,56475.0,16.0,3971.0,Low,66.25
District_13,2017,Winter,11.11,42395.0,15.6,4375.0,Low,47.93
District_15,2016,Summer,4.05,50347.0,15.3,4500.0,High,33.17
District_10,2017,Fall,11.2,59026.0,11.8,2833.0,High,35.81
District_16,2017,Spring,9.97,77376.0,9.4,2285.0,Low,45.52
District_7,2023,Winter,10.13,65890.0,10.1,3022.0,Low,40.34
District_17,2024,Spring,6.49,44315.0,15.4,2309.0,Low,24.77
District_7,2015,Winter,6.2,64897.0,9.5,1583.0,High,11.47
District_14,2014,Summer,12.15,76982.0,10.2,1958.0,High,48.09
District_15,2023,Summer,6.08,49963.0,12.2,1547.0,High,33.37
District_7,2014,Fall,8.36,44630.0,8.7,1712.0,Low,42.66
District_9,2021,Fall,11.34,24681.0,10.1,921.0,Low,49.49
District_19,2015,Winter,3.96,73542.0,9.5,2419.0,Low,17.95
District_16,2023,Fall,10.13,34786.0,17.5,1559.0,High,37.23
District_8,2018,Fall,10.07,23837.0,9.9,2518.0,High,40.2
District_18,2017,Fall,11.21,52232.0,16.6,4065.0,High,37.92
District_18,2021,Fall,7.44,70754.0,9.1,2517.0,Low,46.47
District_20,2015,Summer,8.39,44398.0,16.7,4796.0,High,46.98
District_7,2023,Fall,6.96,66984.0,14.0,1165.0,Low,30.95
District_3,2022,Summer,12.7,70184.0,16.5,4326.0,High,47.76
District_18,2020,Summer,4.57,47264.0,16.7,1617.0,High,24.86
District_10,2020,Spring,14.56,55457.0,14.0,4703.0,Low,60.17
District_7,2014,Summer,10.62,52035.0,17.2,1522.0,High,35.63
District_17,2015,Summer,13.64,76352.0,13.9,3861.0,Low,59.4
District_14,2017,Fall,8.11,63530.0,15.1,780.0,Low,36.41
District_3,2017,Summer,6.99,75521.0,12.2,3334.0,High,41.07
District_12,2024,Winter,13.81,33201.0,17.1,1484.0,Low,49.58
District_13,2016,Fall,4.19,38614.0,16.2,3516.0,Low,39.06
District_2,2020,Fall,4.41,24255.0,9.7,3361.0,Low,37.32
District_3,2021,Fall,6.59,49994.0,13.8,4657.0,High,40.65
District_5,2015,Spring,14.52,72435.0,17.0,3320.0,High,39.04
District_11,2017,Fall,10.6,39611.0,15.9,2337.0,Low,37.72
District_8,2016,Summer,9.65,27697.0,17.6,1371.0,Low,42.21
District_12,2015,Winter,11.46,24107.0,10.3,3459.0,Low,51.65
District_7,2019,Fall,8.01,46850.0,11.7,1024.0,Low,29.21
District_15,2017,Fall,12.1,29841.0,13.1,4228.0,High,53.94
District_17,2019,Winter,7.72,40766.0,10.3,1613.0,Low,38.86
District_4,2015,Fall,12.92,69199.0,11.9,2859.0,Low,51.64
District_13,2017,Spring,6.21,43043.0,13.4,3182.0,Low,33.4
District_18,2024,Summer,6.33,56592.0,9.9,2131.0,Low,48.43
District_1,2019,Winter,9.27,50130.0,10.6,3487.0,Low,37.93
District_16,2018,Winter,8.17,63112.0,9.2,1626.0,High,15.48
District_13,2016,Spring,10.78,29370.0,15.1,656.0,Low,43.05
District_10,2021,Summer,7.37,75226.0,11.6,4817.0,High,40.11
District_12,2020,Spring,5.77,58618.0,10.2,1940.0,High,26.81
District_2,2016,Summer,8.64,36257.0,13.1,3711.0,Low,58.05
District_3,2019,Spring,9.73,27395.0,8.7,2784.0,Low,58.34
District_10,2017,Fall,4.71,28984.0,17.2,3510.0,Low,29.41
District_2,2024,Spring,9.68,66960.0,10.9,999.0,Low,30.02
District_13,2018,Winter,6.83,55287.0,16.9,2835.0,Low,29.72
District_13,2024,Winter,7.71,42845.0,13.0,2265.0,High,23.91
District_18,2018,Winter,6.35,39974.0,16.5,2533.0,High,15.69
District_3,2020,Spring,14.18,71345.0,10.5,4848.0,Low,62.09
District_7,2024,Winter,11.2,72486.0,9.8,1113.0,High,23.53
District_14,2018,Winter,6.15,54876.0,16.5,3896.0,Low,37.97
District_20,2024,Fall,10.74,51473.0,10.1,1987.0,High,29.9
District_17,2016,Fall,13.18,68987.0,15.5,1807.0,Low,49.68
District_12,2023,Summer,7.82,64960.0,11.4,1718.0,Low,37.09
District_16,2018,Summer,12.96,44020.0,15.5,2070.0,Low,53.22
District_12,2020,Summer,4.85,24964.0,17.1,2107.0,High,25.44
District_15,2018,Spring,12.87,66110.0,17.8,1718.0,High,28.7
District_10,2018,Summer,9.48,30122.0,11.6,3504.0,Low,56.97
District_7,2022,Spring,5.68,20983.0,11.7,715.0,Low,22.37
District_20,2016,Spring,7.89,70598.0,17.8,1995.0,High,13.63
District_5,2019,Summer,14.86,54695.0,16.6,1761.0,High,38.33
District_1,2014,Summer,12.4,73500.0,8.5,3881.0,Low,57.07
District_17,2023,Spring,9.9,49075.0,13.7,1159.0,High,27.16
District_3,2018,Fall,4.38,75589.0,9.8,4733.0,High,28.97
District_13,2021,Winter,8.01,41238.0,17.9,1267.0,High,13.49
District_14,2018,Winter,6.16,63471.0,9.4,2165.0,Low,25.63
District_18,2022,Winter,3.85,38059.0,13.6,1399.0,Low,18.9
District_4,2024,Fall,9.51,20070.0,14.7,1790.0,High,32.98
District_18,2019,Spring,13.67,42785.0,17.4,3925.0,High,44.3
District_5,2021,Summer,11.11,64266.0,16.5,2644.0,Low,47.92
District_16,2023,Spring,6.0,29001.0,10.5,1232.0,High,23.98
District_1,2021,Spring,9.88,50288.0,13.7,710.0,High,21.69
District_14,2016,Summer,14.32,32739.0,17.5,1535.0,High,47.71
District_15,2020,Fall,11.67,24477.0,15.4,4755.0,High,53.6
District_9,2020,Winter,11.27,57047.0,14.9,4304.0,Low,39.35
District_15,2023,Winter,14.62,77118.0,15.5,2481.0,Low,43.32
District_17,2019,Spring,12.59,38642.0,11.2,2669.0,Low,54.23
District_4,2020,Fall,4.64,54839.0,15.3,4547.0,Low,39.62
District_12,2015,Winter,7.17,77216.0,10.3,3161.0,Low,28.16
District_5,2022,Fall,14.58,59029.0,12.3,4463.0,Low,62.63
District_5,2023,Summer,8.88,60387.0,16.9,2713.0,High,33.76
District_11,2023,Spring,4.34,30736.0,8.2,1400.0,High,27.52
District_6,2014,Spring,8.5,49557.0,12.1,3767.0,Low,41.48
District_7,2014,Fall,11.36,42025.0,10.7,2869.0,Low,56.56
District_14,2016,Winter,14.97,48257.0,10.0,3508.0,Low,55.06
District_11,2016,Fall,6.89,68050.0,16.4,1208.0,Low,31.82
District_13,2014,Summer,9.17,47642.0,15.0,3414.0,Low,49.06
District_2,2020,Winter,13.56,23771.0,9.1,2220.0,High,51.12
District_7,2017,Winter,7.26,74332.0,12.9,1994.0,Low,19.0
District_20,2023,Fall,4.31,52689.0,12.7,3522.0,Low,38.49
District_4,2015,Summer,14.39,75470.0,9.4,3165.0,Low,66.28
District_8,2023,Winter,8.86,54341.0,16.0,3421.0,High,27.57
District_20,2018,Spring,9.03,24178.0,11.7,4844.0,Low,61.09
District_19,2019,Summer,10.45,53172.0,15.6,3655.0,Low,44.52
District_13,2022,Winter,3.04,54544.0,9.9,3384.0,High,27.49
District_14,2017,Fall,14.17,32860.0,11.2,3261.0,Low,66.73
District_10,2015,Winter,7.34,48262.0,9.0,2294.0,Low,45.68
District_11,2018,Spring,7.76,47566.0,9.4,4276.0,High,48.99
District_2,2016,Summer,5.09,57373.0,16.8,2214.0,Low,36.07
District_9,2015,Winter,7.54,35577.0,9.1,3651.0,High,33.66
District_17,2014,Spring,12.65,54905.0,9.0,1819.0,Low,57.63
District_3,2023,Winter,12.6,34457.0,17.4,1165.0,High,18.02
District_6,2015,Winter,14.23,46787.0,14.5,1084.0,High,33.91
District_5,2019,Summer,7.84,27362.0,9.0,3356.0,Low,61.39
District_5,2021,Fall,11.5,22238.0,17.7,1976.0,Low,56.28
District_15,2016,Fall,9.09,39235.0,9.5,1738.0,Low,46.0
District_17,2024,Spring,12.65,36474.0,15.7,3164.0,Low,55.78
District_9,2022,Spring,11.55,44416.0,8.3,616.0,Low,52.57
District_3,2022,Spring,7.41,77719.0,14.2,1608.0,Low,31.05
District_20,2015,Summer,7.04,51334.0,13.5,2032.0,Low,37.86
District_17,2021,Fall,6.03,53191.0,10.1,3688.0,High,29.77
District_10,2023,Spring,9.92,76496.0,14.4,2953.0,High,26.52
District_3,2024,Spring,14.57,75269.0,14.2,4352.0,Low,50.45
District_18,2018,Winter,5.4,73047.0,16.0,2005.0,Low,18.73
District_18,2017,Winter,4.14,25880.0,16.8,1834.0,Low,33.3
District_17,2023,Spring,4.43,58058.0,13.1,649.0,Low,26.45
District_3,2018,Winter,12.4,68486.0,12.9,4783.0,Low,47.73
District_3,2017,Winter,7.2,70134.0,14.2,2757.0,Low,30.4
District_6,2021,Winter,5.69,54674.0,15.3,2761.0,Low,21.89
District_13,2017,Summer,7.23,21050.0,11.6,4655.0,Low,49.03
District_15,2023,Spring,10.74,78423.0,13.0,1805.0,Low,38.02
District_9,2019,Spring,9.56,48332.0,13.9,1994.0,Low,37.13
District_4,2015,Winter,11.92,43616.0,17.9,3454.0,High,23.5
District_14,2018,Summer,7.07,43697.0,13.9,4033.0,High,36.59
District_5,2019,Winter,8.42,45449.0,10.2,3647.0,High,34.38
District_2,2018,Summer,4.22,34531.0,13.9,4049.0,High,35.62
District_11,2015,Spring,3.88,39640.0,16.2,3088.0,Low,32.17
District_9,2020,Winter,8.55,79121.0,16.6,4383.0,High,31.42
District_3,2017,Spring,6.62,42090.0,16.0,2975.0,High,24.4
District_9,2021,Summer,10.35,51604.0,16.9,1532.0,Low,48.02
District_3,2020,Fall,3.52,70898.0,11.3,2938.0,Low,28.68
District_2,2020,Summer,4.46,51646.0,13.1,3708.0,Low,48.56
District_12,2022,Fall,13.38,39467.0,15.8,3441.0,High,43.02
District_10,2014,Spring,9.8,51425.0,10.6,1594.0,Low,48.63
District_9,2023,Spring,11.54,26845.0,11.7,685.0,High,40.42
District_15,2019,Winter,13.1,27800.0,16.3,1636.0,Low,50.28
District_8,2019,Fall,8.57,61646.0,15.7,4928.0,Low,46.3
District_5,2019,Summer,12.13,75048.0,17.7,1330.0,Low,44.17
District_11,2019,Spring,9.3,63541.0,18.0,2590.0,High,25.73
District_2,2023,Fall,5.67,24477.0,10.4,3373.0,Low,44.46
District_15,2020,Summer,7.05,44174.0,17.0,4458.0,Low,38.05
District_6,2023,Fall,8.88,20153.0,8.9,3921.0,High,44.4
District_8,2019,Summer,6.8,50672.0,15.1,4590.0,High,35.17
District_5,2014,Summer,7.03,31592.0,10.2,3220.0,Low,46.58
District_16,2016,Summer,7.05,72089.0,11.0,4394.0,Low,46.18
District_18,2015,Summer,4.47,26260.0,17.5,1687.0,Low,30.36
District_6,2019,Fall,4.02,20086.0,10.6,2438.0,Low,36.14
District_5,2021,Fall,3.56,47069.0,14.7,4297.0,High,28.12
District_16,2016,Winter,4.33,29326.0,9.8,1965.0,High,22.68
District_13,2023,Fall,7.12,64279.0,8.9,4420.0,Low,55.39
District_5,2021,Fall,10.13,75196.0,11.4,2134.0,Low,45.59
District_13,2021,Winter,5.26,22516.0,14.2,2135.0,High,11.33
District_17,2018,Fall,13.66,43735.0,10.5,1891.0,Low,56.13
District_18,2021,Summer,12.7,79809.0,11.0,2961.0,High,44.47
District_8,2019,Spring,9.25,63960.0,15.1,1081.0,Low,30.76
District_13,2018,Spring,11.69,77191.0,9.0,665.0,High,39.98
District_19,2022,Winter,7.4,29845.0,12.5,4538.0,High,34.43
District_3,2020,Fall,3.44,33282.0,17.4,4680.0,High,25.59
District_8,2021,Fall,13.85,29289.0,12.0,843.0,High,38.38
District_2,2014,Winter,4.53,38142.0,12.3,2974.0,Low,28.78
District_8,2024,Spring,14.38,63463.0,15.4,2929.0,Low,65.45
District_13,2015,Summer,9.86,29897.0,15.8,2176.0,Low,46.73
District_13,2021,Fall,6.67,51454.0,15.7,3060.0,Low,36.34
District_1,2022,Winter,8.95,36153.0,18.0,2562.0,High,30.59
District_6,2017,Summer,9.02,69752.0,8.7,2703.0,Low,49.29
District_19,2023,Winter,3.28,20396.0,17.8,3899.0,Low,23.71
District_16,2024,Winter,7.27,33387.0,17.5,2867.0,High,20.11
District_8,2023,Winter,11.88,56314.0,16.5,1956.0,High,29.33
District_1,2022,Spring,9.12,25803.0,12.5,3117.0,Low,45.06
District_16,2017,Spring,5.93,47979.0,16.7,3383.0,High,29.69
District_9,2023,Winter,7.02,46172.0,10.2,3480.0,High,25.89
District_13,2023,Fall,13.36,71151.0,15.9,3282.0,Low,52.68
District_11,2023,Summer,9.31,57524.0,9.9,3491.0,Low,53.17
District_13,2022,Fall,9.34,58382.0,16.2,1895.0,Low,32.45
District_10,2024,Spring,14.54,77108.0,14.1,2508.0,Low,41.18
District_4,2020,Summer,6.85,78942.0,9.0,3509.0,High,37.98
District_6,2015,Winter,8.75,59204.0,17.0,3895.0,Low,25.66
District_7,2022,Fall,12.74,51320.0,13.8,2454.0,Low,56.56
District_5,2017,Fall,12.11,56475.0,14.6,2144.0,Low,49.3
District_11,2021,Winter,6.19,42947.0,10.8,3721.0,High,36.48
District_13,2020,Fall,4.81,79247.0,16.7,1500.0,Low,20.01
District_19,2020,Spring,11.41,62301.0,13.5,543.0,Low,50.03
District_10,2021,Winter,6.09,37460.0,12.2,2620.0,Low,30.81
District_10,2014,Fall,14.07,23466.0,13.3,1280.0,High,51.8
District_11,2018,Winter,4.55,22683.0,15.0,2202.0,High,19.28
District_7,2015,Summer,6.82,32295.0,15.0,1811.0,High,23.52
District_18,2015,Winter,3.66,33975.0,11.6,3998.0,High,37.43
District_4,2014,Fall,11.44,44903.0,11.9,1991.0,Low,59.08
District_2,2018,Spring,13.7,32891.0,13.6,3383.0,Low,61.82
District_14,2015,Winter,10.63,57855.0,17.2,3533.0,Low,44.9
District_13,2017,Winter,14.25,32675.0,15.5,2554.0,Low,51.31
District_12,2016,Fall,4.54,31273.0,11.9,865.0,High,26.79
District_7,2016,Spring,4.05,48274.0,11.4,3652.0,Low,37.26
District_2,2015,Spring,13.06,73320.0,13.2,838.0,High,29.73
District_13,2019,Summer,13.27,48098.0,16.7,946.0,High,41.58
District_14,2015,Summer,12.97,44831.0,8.1,1382.0,High,49.15
District_17,2021,Fall,12.59,54686.0,15.1,1762.0,Low,51.61
District_9,2021,Spring,7.35,35433.0,10.9,4309.0,Low,43.76
District_17,2018,Spring,5.61,41206.0,10.1,3537.0,High,33.11
District_8,2023,Summer,14.15,32830.0,8.1,2242.0,Low,62.0
District_2,2020,Summer,6.68,54309.0,17.0,4904.0,High,40.16
District_13,2017,Fall,7.78,61843.0,17.1,1596.0,High,16.75
District_3,2014,Spring,11.39,60422.0,8.6,3244.0,Low,57.56
District_16,2024,Winter,6.52,35289.0,13.2,4312.0,High,28.32
District_6,2015,Summer,12.83,66779.0,9.5,4109.0,Low,70.07
District_19,2023,Fall,3.84,35357.0,15.6,906.0,Low,25.67
District_7,2023,Spring,12.49,29019.0,14.7,3638.0,High,51.21
District_10,2017,Spring,10.22,40989.0,11.0,1660.0,High,38.16
District_9,2014,Summer,9.88,55865.0,9.2,2101.0,Low,55.58
District_2,2021,Fall,8.5,28520.0,16.3,2700.0,High,24.8
District_15,2022,Winter,6.32,58885.0,14.7,4058.0,Low,28.19
District_5,2017,Summer,8.57,71784.0,8.1,1248.0,Low,45.51
District_4,2023,Fall,8.4,37588.0,14.3,988.0,Low,45.9
District_20,2016,Spring,10.01,47012.0,16.1,1190.0,Low,41.16
District_4,2015,Winter,6.38,33699.0,13.9,1482.0,Low,19.84
District_18,2018,Fall,3.93,41676.0,12.2,768.0,High,20.82
District_4,2016,Winter,4.74,21318.0,13.8,4669.0,High,21.44
District_17,2023,Fall,11.39,77226.0,14.2,1936.0,Low,39.55
District_12,2020,Fall,3.27,44953.0,14.4,1296.0,High,15.63
District_17,2024,Fall,13.28,67332.0,17.7,3370.0,Low,51.92
District_10,2019,Fall,11.33,28559.0,9.8,4041.0,Low,57.5
District_1,2014,Winter,12.22,68741.0,14.2,3890.0,High,25.94
District_18,2021,Summer,13.03,71609.0,9.9,3734.0,High,52.28
District_18,2015,Winter,4.47,62929.0,10.1,727.0,Low,19.71
District_14,2018,Fall,12.87,74192.0,14.7,4020.0,Low,60.58
District_15,2022,Winter,9.06,30032.0,17.2,2758.0,High,26.46
District_12,2021,Winter,13.63,48589.0,9.6,3421.0,Low,60.34
District_4,2015,Winter,13.64,57207.0,17.6,4804.0,Low,59.88
District_3,2022,Fall,3.29,55772.0,11.2,4148.0,High,20.57
District_20,2018,Winter,7.59,71662.0,11.9,4214.0,High,33.32
District_12,2023,Spring,9.32,32941.0,9.5,1317.0,High,41.43
District_7,2019,Fall,11.14,30539.0,14.2,2644.0,Low,40.95
District_11,2016,Winter,6.43,35203.0,14.0,4772.0,Low,37.22
District_1,2016,Spring,6.03,73493.0,12.4,3122.0,Low,38.51
District_6,2023,Winter,7.58,76462.0,12.8,962.0,High,16.28
District_15,2021,Summer,9.01,54178.0,14.2,3793.0,Low,59.84
District_15,2024,Winter,14.41,50082.0,13.8,693.0,Low,46.72
District_19,2023,Winter,12.15,56323.0,11.7,3840.0,High,31.54
District_11,2023,Summer,8.15,56978.0,16.8,4459.0,High,42.33
District_2,2015,Fall,3.65,30218.0,14.7,2414.0,Low,26.45
District_14,2024,Summer,5.02,61185.0,10.1,2361.0,Low,37.64
District_2,2015,Fall,8.47,47141.0,11.2,1869.0,Low,49.01
District_4,2018,Summer,12.77,51043.0,15.9,4446.0,Low,66.65
District_17,2019,Winter,7.57,21819.0,9.0,2965.0,High,32.69
District_3,2015,Winter,9.46,65873.0,15.5,3107.0,High,20.97
District_13,2018,Fall,13.7,70126.0,11.6,3478.0,High,46.58
District_9,2020,Fall,13.97,57165.0,13.5,1851.0,High,42.81
District_7,2023,Spring,5.59,64923.0,10.8,2448.0,Low,31.94
District_15,2023,Spring,3.52,51362.0,17.9,3837.0,Low,34.43
District_11,2021,Winter,6.66,57101.0,17.1,4935.0,High,20.77
District_20,2020,Winter,11.35,43674.0,17.3,654.0,Low,32.19
District_2,2021,Spring,14.41,67512.0,9.8,692.0,High,40.96
District_15,2022,Spring,3.92,48096.0,16.4,2426.0,High,20.94
District_14,2018,Fall,3.34,60813.0,13.4,3468.0,High,22.55
District_20,2018,Summer,13.61,57286.0,15.1,2239.0,High,48.16
District_11,2024,Fall,11.98,62139.0,10.2,4998.0,High,45.73
District_3,2023,Spring,14.91,67113.0,15.1,1379.0,High,41.39
District_17,2017,Winter,7.76,50763.0,17.1,536.0,Low,26.98
District_12,2022,Spring,7.99,68784.0,10.7,1356.0,High,25.33
District_15,2018,Winter,5.07,49835.0,10.3,4491.0,Low,36.06
District_16,2015,Winter,4.39,77398.0,9.0,1153.0,High,15.38
District_5,2023,Winter,9.94,65160.0,10.7,2655.0,Low,35.38
District_20,2021,Winter,7.37,30268.0,13.4,2387.0,Low,30.75
District_6,2020,Summer,3.96,69775.0,16.3,3496.0,Low,33.0
District_19,2021,Spring,13.64,53095.0,10.8,746.0,Low,55.49
District_5,2016,Fall,5.38,79068.0,14.2,3464.0,Low,17.86
District_3,2017,Winter,11.98,63129.0,12.8,2096.0,High,30.0
District_1,2018,Winter,6.39,25063.0,10.9,4667.0,Low,38.8
District_6,2019,Fall,12.75,43698.0,13.1,4320.0,High,51.98
District_15,2014,Fall,4.42,51037.0,9.7,2298.0,High,25.12
District_2,2017,Winter,12.07,70341.0,14.4,4968.0,High,42.85
District_3,2024,Fall,4.18,63761.0,9.2,734.0,Low,32.17
District_17,2023,Fall,8.36,42162.0,15.3,4049.0,High,35.28
District_12,2018,Summer,11.81,59206.0,9.8,2452.0,Low,53.13
District_18,2020,Fall,5.08,54615.0,18.0,2450.0,High,20.62
District_15,2018,Spring,6.43,27563.0,16.2,1266.0,Low,32.0
District_12,2014,Spring,13.38,34092.0,11.4,2817.0,High,48.32
District_16,2024,Spring,13.62,40467.0,12.3,881.0,Low,46.55
District_8,2020,Winter,3.54,31729.0,10.6,3275.0,Low,31.08
District_14,2021,Spring,5.02,29008.0,15.7,1587.0,Low,28.75
District_17,2020,Summer,4.41,23492.0,11.8,3762.0,Low,44.94
District_8,2024,Spring,5.16,72386.0,15.6,3233.0,Low,12.09
District_15,2017,Winter,14.64,37337.0,8.2,3859.0,Low,61.56
District_14,2021,Summer,9.62,37419.0,9.4,3874.0,Low,55.94
District_18,2018,Spring,8.62,32374.0,11.6,1385.0,Low,45.77
District_20,2023,Summer,14.81,48524.0,9.1,503.0,High,52.53
District_7,2022,Summer,9.68,50855.0,14.0,2146.0,High,31.66
District_3,2023,Winter,10.93,32497.0,8.5,4636.0,High,44.34
District_12,2018,Winter,6.99,56514.0,16.6,3101.0,Low,29.78
District_3,2014,Summer,7.59,63380.0,15.6,3774.0,Low,55.6
District_20,2022,Spring,10.13,42430.0,10.2,4458.0,High,49.18
District_14,2018,Winter,3.84,55127.0,12.8,4577.0,High,12.76
District_15,2019,Summer,6.07,50138.0,12.5,2881.0,Low,53.5
District_14,2017,Fall,5.36,31733.0,15.2,2934.0,High,25.82
District_7,2019,Fall,3.19,63801.0,12.0,4329.0,Low,32.98
District_17,2021,Winter,9.44,68087.0,8.3,4134.0,Low,54.18
District_12,2016,Spring,9.73,58928.0,10.7,3645.0,Low,46.55
District_20,2018,Fall,7.61,39434.0,12.7,3220.0,Low,44.32
District_4,2015,Fall,6.22,75608.0,17.7,3277.0,Low,23.15
District_9,2015,Fall,10.82,47322.0,16.8,2133.0,Low,44.36
District_6,2020,Spring,4.62,35953.0,9.8,4284.0,Low,42.43
District_16,2023,Spring,9.22,44494.0,15.2,3280.0,Low,43.0
District_2,2023,Winter,12.22,61525.0,17.4,1506.0,Low,36.25
District_8,2024,Winter,4.97,70756.0,8.1,1579.0,Low,21.37
District_11,2023,Fall,12.04,41395.0,15.2,4377.0,High,54.13
District_13,2019,Spring,12.13,33957.0,12.6,3316.0,Low,56.68
District_17,2017,Summer,3.72,57590.0,14.8,2294.0,Low,28.89
District_8,2018,Fall,3.23,75273.0,14.1,1342.0,High,4.78
District_18,2014,Winter,14.69,30998.0,17.8,3246.0,Low,51.2
District_18,2020,Spring,5.32,68181.0,10.9,1329.0,High,24.77
District_14,2021,Winter,12.87,48596.0,15.9,2616.0,Low,45.64
District_15,2022,Winter,9.74,67971.0,10.3,3549.0,Low,51.39
District_6,2021,Spring,6.17,50332.0,12.4,3044.0,High,38.7
District_11,2018,Fall,4.56,42640.0,17.8,4649.0,Low,29.8
District_13,2016,Spring,8.96,61804.0,15.7,679.0,Low,26.05
District_1,2023,Fall,7.89,74038.0,11.2,1759.0,Low,33.89
District_6,2024,Winter,11.39,39215.0,14.2,757.0,High,31.19
District_9,2022,Spring,13.85,47645.0,8.5,1376.0,High,49.06
District_8,2019,Summer,12.66,33764.0,10.7,1058.0,Low,64.16
District_11,2018,Fall,6.29,31005.0,15.2,3797.0,High,27.11
District_19,2016,Summer,13.55,66673.0,13.7,2162.0,Low,47.78
District_9,2019,Fall,13.0,32040.0,12.7,4663.0,Low,61.03
District_17,2016,Spring,14.15,67599.0,14.9,605.0,Low,49.07
District_12,2023,Summer,8.5,45753.0,12.0,3438.0,High,43.54
District_14,2019,Spring,12.22,79703.0,8.3,4867.0,High,55.17
District_15,2017,Fall,10.1,31840.0,12.4,1291.0,Low,43.38
District_16,2015,Fall,6.73,25579.0,17.0,2491.0,Low,43.41
District_20,2021,Fall,14.93,24526.0,16.6,3659.0,Low,60.03
District_1,2017,Fall,3.46,70125.0,12.1,3349.0,Low,34.98
District_10,2022,Winter,4.95,46267.0,8.2,3047.0,Low,37.16
District_8,2020,Fall,13.71,20187.0,14.4,1970.0,High,55.68
District_18,2015,Summer,3.73,72486.0,15.4,3777.0,High,17.67
District_1,2017,Fall,13.64,72615.0,10.9,3440.0,High,54.51
District_2,2018,Spring,11.58,68385.0,12.8,1233.0,High,35.86
District_1,2016,Winter,3.44,34899.0,17.9,4838.0,Low,27.26
District_1,2022,Summer,8.15,42365.0,13.8,3001.0,Low,48.6
District_9,2018,Winter,12.05,64696.0,11.5,2865.0,Low,44.15
District_13,2015,Winter,10.0,49361.0,14.3,4317.0,Low,43.46
District_1,2024,Winter,14.23,29230.0,9.8,3382.0,Low,50.49
District_13,2016,Spring,13.41,34568.0,10.0,835.0,Low,56.08
District_20,2022,Winter,6.99,78355.0,17.2,2780.0,Low,24.57
District_7,2020,Winter,4.02,29061.0,10.4,4013.0,Low,31.04
District_2,2015,Fall,14.33,63565.0,11.1,3650.0,High,51.3
District_6,2022,Spring,9.21,48681.0,13.4,4868.0,Low,56.4
District_7,2017,Summer,3.89,64916.0,17.0,612.0,Low,21.76
District_14,2022,Summer,12.8,59667.0,15.8,1675.0,Low,46.56
District_18,2015,Summer,13.42,46350.0,8.4,2971.0,High,53.46
District_15,2023,Spring,10.67,41235.0,14.9,3288.0,High,29.0
District_2,2017,Summer,8.37,65262.0,13.0,1735.0,High,42.25
District_10,2018,Spring,10.95,39388.0,12.8,4221.0,High,41.21
District_12,2015,Fall,11.48,67266.0,14.9,1240.0,Low,48.73
District_17,2023,Fall,13.72,60791.0,10.0,504.0,Low,45.52
District_8,2014,Spring,14.47,54660.0,17.8,4786.0,Low,55.43
District_11,2020,Summer,9.17,42128.0,14.5,2262.0,High,39.26
District_3,2023,Spring,12.58,32305.0,11.7,4809.0,High,56.6
District_6,2014,Spring,14.57,62625.0,14.0,1751.0,Low,51.94
District_9,2024,Winter,4.81,25481.0,10.2,786.0,Low,19.71
District_6,2024,Spring,3.22,78233.0,14.3,3976.0,Low,27.63
District_9,2021,Winter,13.43,78725.0,8.3,4261.0,Low,59.56
District_7,2016,Fall,5.34,27813.0,11.4,2714.0,Low,42.55
District_9,2023,Winter,3.51,26236.0,15.5,832.0,Low,29.94
District_18,2019,Spring,4.92,44763.0,16.1,3444.0,Low,34.7
District_12,2020,Fall,7.61,77821.0,10.5,1320.0,Low,40.85
District_8,2023,Winter,5.63,44019.0,13.4,4322.0,Low,36.67
District_8,2014,Spring,6.66,41828.0,13.3,1733.0,Low,33.13
District_18,2019,Fall,14.7,62215.0,12.2,4315.0,Low,62.85
District_20,2020,Winter,11.45,30724.0,10.3,2421.0,High,43.57
District_15,2019,Spring,11.55,41799.0,15.0,3184.0,Low,49.38
District_7,2017,Spring,4.14,37478.0,10.5,4053.0,High,32.35
District_11,2014,Summer,11.79,56092.0,17.1,682.0,High,32.88
District_20,2024,Summer,11.87,29765.0,13.3,4195.0,Low,69.16
District_16,2022,Winter,10.92,52922.0,16.7,1124.0,Low,33.43
District_4,2017,Winter,5.74,71453.0,10.9,2113.0,Low,30.39
District_6,2020,Winter,8.08,50850.0,16.1,2628.0,High,27.6
District_3,2020,Spring,13.16,61010.0,9.1,4529.0,Low,65.55
District_9,2015,Winter,11.04,24515.0,15.7,601.0,Low,36.16
District_10,2014,Spring,11.79,46940.0,11.9,3016.0,Low,52.81
District_14,2021,Winter,10.05,25694.0,12.7,3391.0,Low,35.21
District_11,2021,Spring,8.4,55968.0,9.7,1925.0,Low,44.84
District_18,2020,Spring,12.11,36863.0,8.2,1807.0,Low,61.22
District_12,2021,Summer,3.82,37236.0,14.7,2707.0,High,21.22
District_12,2016,Fall,11.08,24606.0,13.9,1342.0,High,38.37
District_13,2024,Spring,14.97,38614.0,14.2,2607.0,High,48.33
District_13,2015,Winter,12.36,50401.0,10.6,3943.0,Low,53.94
District_19,2020,Summer,6.49,55080.0,10.4,4304.0,High,41.21
District_19,2021,Winter,6.33,24000.0,16.3,2233.0,Low,25.07
District_14,2014,Winter,11.01,59088.0,15.6,3278.0,High,37.93
District_4,2023,Spring,13.75,49333.0,11.4,500.0,High,32.77
District_13,2022,Spring,9.94,52214.0,14.4,2977.0,High,32.53
District_8,2024,Fall,9.33,69968.0,16.3,4889.0,Low,39.55
District_19,2017,Spring,4.92,40534.0,16.9,1905.0,Low,30.84
District_12,2017,Spring,11.59,30443.0,8.1,3176.0,High,52.19
District_18,2016,Fall,11.43,53109.0,16.1,3930.0,High,40.68
District_6,2019,Winter,14.6,76701.0,11.5,3240.0,Low,44.16
District_18,2014,Fall,6.6,51072.0,15.2,2383.0,Low,31.15
District_19,2019,Fall,12.08,69915.0,11.7,1187.0,Low,51.01
District_5,2015,Fall,8.21,65422.0,14.1,2587.0,Low,39.01
District_9,2022,Summer,9.7,51100.0,14.5,1827.0,Low,45.33
District_3,2015,Winter,12.8,58853.0,12.0,3632.0,Low,45.53
District_10,2020,Summer,5.66,44401.0,13.1,2489.0,High,31.24
District_19,2014,Summer,7.11,51838.0,15.3,4324.0,Low,50.57
District_3,2020,Spring,12.28,50437.0,12.8,1370.0,Low,47.26
District_15,2018,Fall,9.85,62547.0,8.1,2380.0,High,41.4
District_1,2021,Fall,4.11,44599.0,8.1,3009.0,High,21.67
District_7,2017,Summer,8.16,25986.0,14.6,1067.0,Low,50.77
District_12,2023,Spring,10.04,67323.0,16.5,3146.0,High,31.78
District_17,2020,Spring,13.91,61091.0,15.9,1809.0,Low,44.29
District_20,2019,Spring,5.26,77007.0,11.1,1533.0,Low,31.3
District_5,2018,Winter,12.67,45723.0,12.7,1139.0,High,33.43
District_4,2017,Summer,4.57,24692.0,10.3,2074.0,High,27.98
District_12,2020,Winter,5.91,27297.0,17.9,4680.0,Low,33.21
District_20,2018,Spring,5.92,66399.0,10.6,640.0,High,17.57
District_18,2018,Spring,13.53,24065.0,12.2,4335.0,High,48.72
District_17,2014,Spring,5.39,74470.0,14.8,2288.0,High,16.25
District_19,2015,Fall,12.44,36899.0,16.8,3027.0,Low,47.67
District_9,2018,Summer,8.54,73933.0,8.5,2808.0,Low,44.06
District_4,2016,Fall,14.99,66410.0,11.0,4666.0,Low,67.98
District_2,2015,Winter,13.07,72272.0,13.7,3966.0,High,38.57
District_4,2017,Fall,11.88,32842.0,14.2,4932.0,Low,59.09
District_2,2017,Summer,13.45,55742.0,8.7,4075.0,High,47.58
District_15,2017,Fall,10.61,25615.0,14.6,1831.0,Low,48.17
District_2,2017,Spring,13.12,32137.0,13.3,4833.0,High,57.01
District_4,2016,Winter,6.13,38594.0,16.3,4926.0,Low,41.1
District_6,2020,Winter,4.17,64449.0,10.2,1054.0,Low,25.79
District_7,2022,Spring,10.39,21483.0,10.0,4555.0,High,44.52
District_10,2018,Spring,8.22,74187.0,15.9,3489.0,Low,34.06
District_19,2017,Spring,8.12,24248.0,15.0,4649.0,High,38.73
District_19,2024,Summer,9.32,42589.0,15.9,4621.0,High,44.48
District_12,2015,Fall,7.34,24865.0,15.8,4511.0,Low,47.48
District_3,2015,Winter,10.51,66138.0,9.0,4484.0,High,43.37
District_13,2018,Fall,3.37,28479.0,10.8,1029.0,High,22.42
District_18,2020,Spring,14.64,73085.0,10.6,1146.0,Low,58.54
District_8,2023,Spring,14.1,51813.0,17.3,1030.0,High,33.34
District_15,2023,Fall,14.22,76908.0,12.9,910.0,Low,46.93
District_1,2022,Winter,7.38,37422.0,9.1,2090.0,High,24.87
District_3,2020,Summer,9.38,47259.0,10.9,3578.0,High,45.92
District_8,2018,Fall,14.45,61655.0,16.7,2096.0,Low,44.66
District_4,2023,Spring,13.83,69915.0,16.5,3741.0,High,52.44
District_16,2023,Spring,12.48,45281.0,17.0,4191.0,Low,54.47
District_10,2023,Summer,7.89,73546.0,11.9,3498.0,High,31.58
District_12,2019,Fall,9.77,27079.0,14.4,2593.0,High,33.3
District_14,2024,Summer,12.51,62521.0,10.8,1830.0,High,47.02
District_14,2016,Summer,6.28,40892.0,9.8,1060.0,High,35.89
District_2,2018,Winter,10.52,26080.0,8.2,2721.0,Low,54.03
District_5,2021,Winter,12.94,43200.0,10.2,3738.0,High,44.07
District_5,2014,Spring,11.49,72813.0,14.0,2967.0,Low,49.71
District_6,2014,Fall,8.75,78832.0,17.0,3747.0,High,30.96
District_13,2020,Winter,10.02,43568.0,9.3,2008.0,High,31.67
District_9,2018,Spring,14.86,73185.0,17.2,801.0,High,33.7
District_15,2018,Fall,10.22,50579.0,11.5,3970.0,Low,53.56
District_14,2014,Spring,12.43,63021.0,12.3,1489.0,High,37.23
District_7,2022,Winter,11.72,22722.0,11.6,3273.0,High,41.03
District_20,2014,Spring,11.42,53439.0,12.1,4119.0,Low,57.05
District_2,2018,Fall,11.6,24210.0,10.6,1126.0,High,51.25
District_7,2023,Fall,8.45,36117.0,15.0,3193.0,High,30.29
District_6,2022,Spring,8.69,54009.0,15.6,3602.0,High,33.32
District_17,2017,Fall,8.61,68430.0,16.2,3859.0,High,33.38
District_2,2021,Spring,3.4,53654.0,11.4,1164.0,Low,24.67
District_3,2019,Fall,5.89,76171.0,15.6,4213.0,High,30.7
District_5,2024,Spring,4.85,68620.0,14.4,924.0,Low,21.81
District_5,2016,Spring,13.64,29374.0,17.6,2838.0,Low,58.0
District_1,2017,Spring,6.3,43338.0,12.2,2495.0,Low,44.78
District_8,2015,Summer,4.66,60109.0,17.9,1498.0,High,21.2
District_12,2014,Fall,4.44,76304.0,15.4,1859.0,Low,23.94
District_4,2021,Winter,11.4,79263.0,15.8,1240.0,High,23.97
District_13,2014,Spring,3.07,65791.0,8.3,2416.0,Low,28.82
District_15,2024,Summer,8.66,54426.0,13.0,660.0,Low,38.94
District_11,2014,Winter,4.43,65397.0,13.3,4500.0,High,20.3
District_10,2017,Spring,13.2,36394.0,8.4,1236.0,Low,60.58
District_3,2023,Winter,14.5,37016.0,11.1,4487.0,Low,60.52
District_14,2023,Summer,14.51,59261.0,17.6,4386.0,High,55.77
District_16,2019,Winter,8.3,72310.0,12.3,2533.0,High,33.78
District_10,2022,Spring,10.73,78189.0,9.9,2740.0,High,43.56
District_10,2014,Winter,10.2,40480.0,13.1,1859.0,High,26.04
District_12,2020,Winter,7.2,67793.0,8.3,4986.0,High,32.38
District_9,2023,Spring,8.33,71092.0,13.2,3518.0,Low,43.06
District_1,2024,Summer,3.77,57390.0,13.9,4783.0,High,27.03
District_5,2018,Summer,12.55,40856.0,11.6,2367.0,High,53.84
District_20,2021,Winter,5.89,57145.0,15.6,4474.0,Low,27.17
District_8,2020,Fall,8.53,55067.0,9.4,2517.0,Low,49.61
District_11,2017,Winter,8.77,56392.0,16.8,4401.0,Low,46.55
District_12,2017,Fall,9.73,57156.0,17.6,1089.0,Low,35.83
District_1,2019,Winter,12.81,70823.0,8.0,3366.0,Low,52.68
District_20,2019,Summer,11.3,30205.0,16.4,3554.0,High,49.42
District_11,2022,Winter,10.96,42038.0,13.1,3453.0,Low,40.71
District_5,2018,Winter,9.32,55160.0,12.6,2512.0,Low,33.27
District_15,2021,Fall,4.15,37000.0,10.4,3578.0,Low,41.97
District_5,2018,Summer,7.82,78689.0,12.5,1578.0,High,30.67
District_12,2015,Fall,14.49,35789.0,17.5,3181.0,Low,57.22
District_5,2019,Winter,14.95,48178.0,10.1,2994.0,Low,60.67
District_17,2022,Spring,11.77,72642.0,9.8,1933.0,High,40.86
District_17,2016,Winter,5.73,24804.0,10.4,4005.0,Low,50.22
District_12,2014,Winter,4.22,69241.0,13.5,864.0,High,2.0
District_15,2014,Fall,7.98,54261.0,17.3,1271.0,Low,31.31
District_15,2016,Spring,13.28,21908.0,13.7,2620.0,Low,65.3
District_6,2023,Spring,11.66,74175.0,10.4,4513.0,High,53.57
District_12,2018,Fall,13.61,22352.0,12.4,3088.0,Low,58.23
District_20,2016,Summer,10.39,50913.0,11.9,4289.0,Low,57.35
District_18,2022,Spring,4.56,22942.0,8.5,2829.0,High,31.1
District_14,2021,Spring,4.38,24272.0,13.1,4035.0,High,37.34
District_2,2016,Fall,3.58,73232.0,9.3,1966.0,Low,28.92
District_9,2022,Summer,9.8,65950.0,16.4,4168.0,Low,49.85
District_5,2019,Summer,5.91,31816.0,13.5,2308.0,Low,42.13
District_20,2020,Winter,11.81,57228.0,16.4,3015.0,Low,41.09
District_1,2017,Winter,11.23,67681.0,17.6,1291.0,Low,32.97
District_3,2017,Fall,6.82,73375.0,17.4,4642.0,Low,46.92
District_6,2015,Summer,5.12,48098.0,9.0,3657.0,High,44.88
District_5,2018,Fall,4.23,73850.0,17.4,4365.0,Low,24.73
District_5,2021,Winter,11.85,50471.0,16.0,1435.0,Low,36.46
District_1,2020,Fall,8.41,61294.0,15.8,805.0,Low,33.56
District_17,2020,Fall,6.88,78742.0,8.9,2017.0,High,25.33
District_19,2019,Spring,13.28,34157.0,9.8,2825.0,Low,65.77
District_14,2016,Spring,10.12,30111.0,17.8,4111.0,Low,56.11
District_12,2018,Spring,9.22,40521.0,10.1,2290.0,Low,45.3
District_10,2014,Winter,11.92,29864.0,9.7,1715.0,High,37.84
District_20,2020,Fall,12.79,37050.0,11.6,2176.0,Low,60.8
District_18,2022,Spring,11.23,64579.0,17.1,3666.0,Low,51.6
District_11,2014,Spring,8.28,48651.0,12.8,2013.0,Low,38.16
District_2,2015,Spring,7.55,42502.0,17.2,4906.0,High,36.41
District_18,2016,Winter,12.26,42123.0,11.3,1287.0,Low,40.39
District_7,2016,Winter,9.21,31672.0,10.3,3889.0,Low,51.97
District_15,2021,Fall,11.45,46845.0,13.0,3151.0,Low,49.47
District_11,2020,Fall,13.68,57478.0,14.2,1549.0,Low,51.64
District_18,2019,Fall,13.99,28349.0,11.9,3891.0,High,53.11
District_12,2023,Spring,6.33,78369.0,11.5,2514.0,Low,29.24
District_6,2023,Summer,5.25,46597.0,10.2,3571.0,High,33.83
District_20,2024,Winter,6.14,76878.0,10.8,3480.0,High,18.77
District_13,2017,Spring,12.02,28080.0,14.7,998.0,High,44.33
District_20,2022,Spring,7.44,66033.0,11.7,4280.0,Low,41.48
District_16,2014,Fall,5.08,57058.0,8.8,3567.0,Low,41.41
District_18,2024,Fall,4.18,69204.0,9.4,4013.0,Low,34.36
District_10,2015,Spring,6.93,56041.0,11.7,2515.0,Low,43.34
District_8,2017,Winter,4.63,77770.0,17.2,1378.0,High,9.09
District_18,2016,Winter,4.88,57616.0,11.8,1968.0,Low,28.58
District_1,2014,Spring,11.21,67076.0,8.6,4557.0,High,45.25
District_8,2018,Summer,3.24,72655.0,12.2,4721.0,Low,35.85
District_6,2020,Summer,4.41,62875.0,14.7,2668.0,Low,30.3
District_5,2015,Winter,13.13,51454.0,13.9,1845.0,Low,47.56
District_15,2018,Fall,13.14,36369.0,10.8,3786.0,Low,60.66
District_15,2019,Summer,6.95,71270.0,14.9,3947.0,High,37.9
District_2,2024,Summer,4.06,48835.0,14.3,4170.0,High,26.74
District_1,2020,Fall,11.46,57242.0,9.7,640.0,Low,46.22
District_11,2014,Summer,7.32,24754.0,9.6,544.0,Low,44.32
District_10,2020,Spring,3.55,49841.0,13.5,2107.0,Low,24.66
District_18,2017,Summer,4.89,61889.0,14.6,1186.0,High,13.19
District_18,2021,Fall,4.65,55044.0,17.6,4122.0,Low,26.49
District_17,2017,Spring,10.07,46913.0,12.2,2898.0,High,44.25
District_8,2019,Summer,13.78,33406.0,15.6,4214.0,High,52.24
District_15,2022,Winter,12.52,38580.0,9.2,1296.0,High,40.58
District_8,2018,Spring,9.56,62037.0,16.9,3323.0,Low,41.74
District_17,2017,Spring,8.07,33451.0,14.3,3111.0,High,32.43
District_12,2021,Winter,10.42,57304.0,14.3,2032.0,Low,34.15
District_8,2022,Winter,8.33,55384.0,9.4,2827.0,High,28.15
District_14,2017,Summer,5.95,78225.0,8.4,3151.0,Low,47.54
District_4,2016,Summer,11.15,23647.0,15.0,4503.0,Low,56.68
District_1,2021,Fall,13.48,26487.0,9.2,750.0,High,47.48
District_1,2018,Fall,7.47,50365.0,9.3,4205.0,Low,51.4
District_19,2015,Spring,13.1,51627.0,9.9,4911.0,Low,67.58
District_16,2023,Winter,8.17,22396.0,9.0,3793.0,Low,51.53
District_14,2022,Winter,7.82,69551.0,14.3,3818.0,High,22.39
District_16,2016,Fall,3.34,49683.0,12.2,1481.0,Low,21.11
District_5,2015,Spring,11.34,40799.0,10.7,2854.0,Low,56.17
District_9,2014,Spring,12.69,39131.0,12.4,3677.0,Low,57.88
District_2,2021,Fall,10.96,71684.0,16.4,3210.0,Low,50.87
District_18,2024,Fall,4.82,31804.0,17.3,2233.0,Low,32.7
District_6,2016,Fall,4.24,29625.0,12.9,4731.0,Low,48.55
District_9,2020,Summer,9.87,32791.0,13.7,2813.0,Low,51.91
District_1,2014,Spring,7.82,57501.0,10.6,4864.0,High,45.01
District_9,2014,Spring,8.15,68656.0,13.1,3037.0,Low,40.83
District_16,2022,Spring,14.61,39859.0,15.5,4070.0,Low,63.37
District_13,2021,Fall,11.69,30408.0,12.9,3839.0,Low,49.67
District_9,2016,Fall,7.94,32552.0,11.0,3474.0,Low,54.92
District_13,2019,Fall,3.23,57151.0,13.8,565.0,High,11.46
District_9,2024,Fall,3.41,34762.0,17.5,848.0,High,15.86
District_11,2016,Winter,11.22,72637.0,16.9,3117.0,High,24.98
District_4,2017,Fall,13.05,26233.0,15.7,4603.0,High,57.58
District_2,2014,Summer,11.49,21942.0,10.8,3205.0,Low,65.43
District_6,2018,Winter,7.87,25303.0,10.4,1562.0,Low,37.89
District_14,2014,Winter,3.37,70739.0,16.4,1941.0,Low,23.73
District_4,2014,Fall,14.61,59074.0,9.8,3304.0,High,40.3
District_6,2023,Spring,14.84,77465.0,14.1,3187.0,High,42.93
District_19,2024,Fall,9.59,40178.0,12.4,4801.0,Low,54.19
District_6,2024,Spring,3.85,32761.0,12.7,2881.0,High,20.53
District_2,2020,Fall,9.49,53719.0,12.5,2098.0,Low,46.08
District_18,2019,Fall,13.71,52270.0,17.0,2862.0,High,36.32
District_13,2015,Spring,11.16,55461.0,8.9,4038.0,High,40.33
District_9,2024,Spring,11.64,40852.0,15.8,2932.0,Low,52.12
District_19,2015,Spring,4.02,20354.0,16.4,1967.0,Low,25.98
District_13,2024,Spring,4.28,22102.0,17.4,2024.0,High,22.58
District_11,2020,Summer,4.53,59830.0,12.5,3906.0,Low,38.55
District_1,2014,Spring,13.85,51395.0,13.0,799.0,High,36.13
District_7,2015,Fall,9.31,69261.0,17.6,1736.0,High,20.55
District_15,2021,Fall,12.5,38025.0,12.6,1189.0,Low,46.77
District_1,2019,Summer,4.38,68928.0,13.0,4751.0,Low,39.7
District_12,2015,Spring,14.13,45529.0,11.3,905.0,High,39.9
District_7,2020,Fall,12.85,25802.0,8.3,3912.0,Low,66.06
District_15,2017,Summer,5.7,78675.0,12.3,3337.0,High,20.82
District_19,2015,Fall,13.49,50716.0,14.6,3348.0,Low,52.37
District_1,2019,Summer,6.16,57769.0,14.9,3935.0,Low,49.89
District_17,2024,Summer,5.46,60248.0,8.1,2302.0,High,27.18
District_17,2022,Winter,6.17,41745.0,16.0,2303.0,High,13.75
District_3,2024,Winter,13.92,64852.0,12.9,1799.0,Low,50.74
District_12,2022,Spring,13.99,72216.0,13.2,3190.0,Low,54.29
District_6,2021,Winter,6.95,43231.0,17.6,4684.0,Low,25.71
District_11,2016,Summer,11.47,59420.0,10.8,4658.0,Low,65.86
District_3,2016,Fall,11.11,65427.0,15.6,3663.0,High,44.26
District_8,2015,Fall,12.68,31408.0,13.7,4578.0,Low,61.85
District_14,2018,Spring,6.56,39956.0,15.0,4836.0,Low,41.11
District_14,2017,Winter,9.12,26528.0,12.2,4078.0,Low,37.17
District_10,2020,Spring,11.01,56133.0,10.8,2335.0,Low,46.89
District_2,2017,Summer,3.32,68056.0,13.5,2675.0,High,16.41
District_14,2022,Winter,7.52,56650.0,11.7,4691.0,High,29.58
District_9,2015,Spring,11.35,30787.0,10.2,3515.0,Low,62.21
District_3,2024,Fall,6.03,52782.0,16.4,4193.0,Low,33.4
District_8,2019,Fall,14.49,70096.0,12.8,1023.0,Low,54.45
District_16,2020,Spring,3.36,38163.0,16.5,1373.0,High,5.56
District_2,2017,Spring,14.5,69959.0,12.7,2048.0,High,41.92
District_6,2019,Spring,5.6,67077.0,13.6,1347.0,High,8.37
District_12,2020,Summer,3.59,21304.0,18.0,4579.0,Low,42.46
District_5,2017,Summer,6.51,34367.0,17.5,1476.0,Low,43.67
District_2,2021,Fall,12.44,52577.0,10.7,3007.0,High,44.33
District_16,2022,Summer,12.03,63057.0,16.7,885.0,Low,47.39
District_5,2014,Summer,5.51,72832.0,11.9,1197.0,Low,32.01
District_15,2020,Winter,5.36,58463.0,8.7,1613.0,Low,29.53
District_12,2022,Summer,10.71,42821.0,13.8,4923.0,Low,65.42
District_4,2023,Winter,8.5,31078.0,17.8,4087.0,Low,38.0
District_15,2018,Summer,12.51,65602.0,17.7,3531.0,Low,51.62
District_11,2015,Fall,3.29,32407.0,9.3,4623.0,High,34.4
District_16,2023,Spring,10.32,61726.0,15.7,4803.0,Low,58.33
District_6,2019,Fall,11.77,30873.0,16.0,2541.0,Low,52.96
District_14,2020,Summer,14.92,25463.0,11.7,1975.0,High,51.35
District_18,2015,Spring,11.15,35066.0,14.6,1919.0,Low,57.24
District_12,2015,Spring,5.78,37096.0,12.9,661.0,Low,27.92
District_11,2023,Spring,4.3,58833.0,10.3,1758.0,Low,27.0
District_13,2023,Winter,10.69,29653.0,15.6,2098.0,High,35.0
District_11,2014,Fall,9.28,75818.0,10.6,666.0,Low,36.09
District_16,2017,Winter,13.79,53262.0,11.4,4472.0,High,47.98
District_15,2020,Spring,11.72,49456.0,9.9,4315.0,High,51.05
District_15,2022,Fall,9.12,46082.0,15.2,1632.0,Low,42.78
District_4,2016,Fall,7.84,53996.0,12.6,4112.0,Low,53.48
District_11,2024,Summer,7.85,21347.0,12.4,4083.0,Low,54.9
District_19,2020,Winter,5.72,79405.0,14.0,2008.0,Low,21.52
District_15,2020,Winter,3.21,53451.0,9.6,3637.0,Low,23.75
District_4,2020,Summer,9.9,22112.0,17.0,1804.0,Low,53.6
District_13,2015,Winter,5.55,55399.0,12.7,816.0,Low,23.39
District_19,2019,Spring,5.5,46225.0,11.7,2772.0,High,33.76
District_2,2015,Spring,4.5,21442.0,9.3,2472.0,Low,42.04
District_14,2019,Winter,5.28,75466.0,9.7,1122.0,High,21.21
District_4,2023,Summer,3.38,20634.0,17.2,2707.0,High,25.64
District_16,2016,Fall,11.09,54672.0,12.6,4772.0,Low,57.45
District_20,2015,Winter,7.82,77707.0,15.2,3791.0,Low,31.38
District_14,2019,Fall,9.74,34256.0,8.8,3825.0,Low,53.41
District_15,2015,Summer,10.64,35251.0,14.4,3909.0,Low,48.83
District_3,2018,Fall,14.67,20025.0,17.2,3851.0,High,54.13
District_8,2015,Summer,3.82,23981.0,11.0,590.0,High,18.72
District_16,2016,Summer,8.02,22693.0,13.8,4661.0,High,49.15
District_10,2016,Spring,5.95,69359.0,17.4,4236.0,High,29.56
District_4,2019,Spring,8.72,70204.0,15.2,1736.0,Low,34.99
District_18,2019,Summer,14.05,63602.0,8.6,2987.0,High,57.82
District_2,2023,Winter,11.69,41165.0,11.8,3268.0,Low,50.14
District_17,2016,Spring,10.94,69275.0,8.9,1094.0,Low,50.14
District_13,2016,Summer,8.29,52386.0,16.6,1643.0,Low,40.7
District_4,2014,Fall,11.05,38259.0,14.2,605.0,High,28.45
District_11,2020,Fall,3.39,46237.0,17.6,4388.0,Low,23.38
District_7,2021,Winter,10.03,23946.0,8.2,612.0,Low,40.4
District_12,2015,Fall,9.65,76695.0,12.2,1934.0,High,23.03
District_10,2017,Fall,7.16,57147.0,9.0,852.0,Low,38.03
District_7,2023,Summer,5.42,63874.0,11.5,4016.0,High,35.77
District_13,2020,Fall,12.69,60595.0,9.6,4662.0,Low,59.37
District_7,2021,Fall,3.65,60065.0,11.3,3033.0,Low,36.61
District_17,2014,Fall,3.84,21036.0,16.2,1128.0,Low,29.43
District_10,2017,Fall,8.29,51522.0,9.6,3012.0,Low,44.1
District_10,2019,Summer,6.03,69303.0,12.7,3967.0,Low,41.57
District_4,2016,Fall,11.95,22671.0,17.2,3733.0,Low,62.2
District_20,2018,Winter,10.61,77370.0,18.0,3838.0,Low,26.94
District_4,2023,Spring,12.27,45450.0,10.5,1756.0,Low,51.42
District_7,2022,Winter,6.9,37394.0,17.4,832.0,Low,24.76
District_1,2024,Spring,11.89,51909.0,10.6,1170.0,High,35.79
District_12,2016,Winter,13.35,68073.0,12.1,4800.0,High,38.81
District_13,2018,Spring,7.14,48485.0,16.8,3261.0,High,33.11
District_10,2021,Spring,7.08,58706.0,15.9,3776.0,Low,48.56
District_15,2019,Spring,13.8,49995.0,16.6,4546.0,High,46.39
District_13,2017,Spring,3.6,57876.0,16.0,4337.0,Low,31.45
District_9,2021,Summer,7.2,28282.0,10.4,1483.0,High,40.76
District_9,2024,Winter,4.42,22320.0,13.6,761.0,High,8.32
District_15,2016,Spring,3.35,28214.0,11.9,4663.0,Low,40.63
District_10,2016,Winter,4.35,37150.0,12.6,4918.0,High,32.14
District_10,2017,Fall,8.17,35201.0,9.5,3053.0,Low,61.69
District_8,2022,Spring,11.24,56911.0,11.2,4498.0,Low,49.67
District_16,2018,Winter,6.47,47353.0,16.6,1543.0,High,9.65
District_17,2021,Summer,13.2,22329.0,17.0,1000.0,Low,53.5
District_5,2019,Winter,8.25,22092.0,14.1,2749.0,Low,36.61
District_4,2016,Spring,14.62,25435.0,13.0,4150.0,Low,71.62
District_18,2021,Fall,14.45,41185.0,15.1,3446.0,Low,60.33
District_19,2022,Winter,12.28,20371.0,14.1,3368.0,High,45.67
District_4,2021,Fall,14.19,49639.0,17.8,579.0,High,38.13
District_7,2017,Summer,11.49,41640.0,9.9,1929.0,Low,57.78
District_10,2024,Winter,13.75,53326.0,12.5,4728.0,Low,57.3
District_18,2019,Winter,5.84,63250.0,17.2,1104.0,High,2.0
District_19,2014,Summer,7.15,35058.0,17.1,3769.0,High,35.13
District_4,2017,Summer,12.04,29425.0,13.0,3917.0,Low,63.02
District_10,2021,Summer,8.09,36683.0,9.3,3798.0,High,39.82
District_1,2014,Spring,13.05,20106.0,16.1,4952.0,High,59.03
District_18,2016,Spring,13.53,27201.0,13.9,2341.0,High,45.7
District_5,2014,Winter,6.6,65050.0,15.7,3570.0,Low,30.55
District_15,2022,Winter,12.88,33368.0,12.6,1371.0,High,40.01
District_17,2015,Winter,4.85,79658.0,10.0,2299.0,Low,19.87
District_3,2022,Fall,7.01,30070.0,8.2,2712.0,Low,49.34
District_12,2017,Summer,9.22,67326.0,13.6,1467.0,Low,35.57
District_2,2015,Winter,5.72,62303.0,9.6,4581.0,Low,38.81
District_1,2017,Summer,9.95,39328.0,9.9,3723.0,Low,57.51
District_17,2024,Spring,9.94,39844.0,12.4,1777.0,Low,44.45
District_16,2024,Summer,5.48,53813.0,12.4,1107.0,High,32.15
District_5,2023,Fall,12.55,71142.0,10.7,1795.0,High,49.43
District_15,2019,Fall,10.58,43171.0,9.3,3303.0,High,41.96
District_3,2024,Summer,6.81,23671.0,17.4,4219.0,High,34.44
District_7,2020,Fall,5.79,42465.0,9.3,2764.0,Low,45.52
District_11,2016,Fall,13.55,32439.0,11.5,961.0,Low,58.59
District_10,2016,Spring,13.03,76352.0,11.0,1622.0,High,32.99
District_9,2023,Winter,5.76,61836.0,16.7,2053.0,Low,21.5
District_14,2021,Fall,3.43,23050.0,12.1,3363.0,Low,37.99
District_13,2018,Winter,12.65,37579.0,9.2,1610.0,Low,48.38
District_2,2017,Summer,10.39,23013.0,8.1,1553.0,Low,62.38
District_3,2020,Summer,4.21,69801.0,15.2,1788.0,High,27.78
District_7,2020,Fall,10.05,74378.0,15.1,3166.0,Low,42.15
District_18,2022,Summer,8.43,26737.0,12.2,2717.0,Low,62.02
District_3,2022,Spring,12.29,46417.0,9.3,4287.0,Low,60.76
District_10,2018,Fall,5.51,75913.0,11.7,3641.0,Low,44.76
District_7,2021,Fall,8.44,28713.0,13.9,3501.0,Low,50.51
District_9,2023,Fall,4.87,37514.0,15.0,1196.0,Low,35.54
District_17,2014,Summer,14.49,38256.0,8.8,749.0,Low,68.68
District_11,2022,Summer,12.34,21803.0,13.6,2795.0,High,48.35
District_7,2021,Fall,11.84,22176.0,10.8,822.0,Low,54.81
District_14,2019,Winter,11.28,77168.0,14.2,2138.0,Low,31.29
District_19,2016,Summer,8.08,54266.0,14.5,618.0,High,28.92
District_4,2016,Summer,14.08,38399.0,17.1,1296.0,Low,50.5
District_6,2021,Fall,3.88,42720.0,12.1,997.0,High,18.16
District_10,2018,Winter,12.64,62891.0,13.4,4104.0,High,38.41
District_7,2023,Fall,5.58,41991.0,10.7,2058.0,High,23.88
District_13,2024,Summer,6.89,33666.0,10.9,855.0,High,33.87
District_14,2020,Fall,9.23,26110.0,8.5,1695.0,Low,54.81
District_4,2018,Fall,12.39,63736.0,10.9,3573.0,Low,51.38
District_8,2021,Fall,13.06,30834.0,8.6,3855.0,Low,70.4
District_5,2023,Winter,10.0,24179.0,17.6,1039.0,Low,38.49
District_1,2023,Fall,7.84,45617.0,14.2,4004.0,Low,40.76
District_4,2017,Summer,14.36,22374.0,9.7,2168.0,High,46.24
District_3,2015,Fall,5.96,77900.0,9.2,3557.0,High,35.17
District_9,2016,Winter,12.64,57638.0,11.7,3522.0,High,37.59
District_8,2021,Spring,10.34,29162.0,11.1,4071.0,Low,56.63
District_1,2024,Winter,7.52,30347.0,10.8,3637.0,Low,51.48
District_6,2020,Fall,3.02,54190.0,12.7,675.0,High,15.88
District_9,2015,Spring,8.36,41394.0,17.1,2838.0,Low,42.4
District_7,2019,Fall,6.32,66456.0,13.7,1248.0,Low,30.86
District_4,2022,Winter,4.25,52748.0,13.2,4865.0,High,20.14
District_13,2017,Spring,3.9,46000.0,16.1,1651.0,Low,25.43
District_17,2022,Spring,7.17,77779.0,8.0,2390.0,High,28.64
District_2,2015,Fall,10.38,43444.0,10.0,1385.0,Low,40.18
District_5,2015,Fall,13.05,44037.0,13.0,1106.0,Low,46.38
District_12,2022,Winter,5.2,59946.0,15.1,3204.0,Low,25.29
District_8,2020,Fall,8.1,68569.0,12.9,2719.0,Low,50.45
District_6,2020,Spring,7.7,57573.0,9.6,2186.0,Low,34.6
District_8,2014,Summer,9.16,61917.0,17.3,884.0,High,26.37
District_18,2024,Summer,12.72,42376.0,11.3,3812.0,High,52.93
District_3,2019,Winter,9.64,48770.0,15.9,526.0,Low,32.94
District_12,2020,Fall,13.16,31822.0,16.9,2559.0,High,44.36
District_3,2024,Winter,9.22,60815.0,11.5,3347.0,High,26.29
District_6,2019,Summer,10.25,33287.0,16.5,2438.0,High,47.25
District_2,2019,Summer,8.25,20075.0,15.1,1068.0,High,30.74
District_12,2015,Fall,12.88,76026.0,17.0,4002.0,High,38.22
District_2,2019,Spring,14.09,38361.0,10.5,1958.0,Low,53.26
District_6,2017,Fall,10.67,31798.0,17.3,1106.0,High,37.87
District_17,2022,Summer,12.85,36089.0,8.7,2976.0,Low,66.74
District_3,2014,Spring,3.71,39827.0,15.9,586.0,Low,19.56
District_2,2021,Winter,13.87,48473.0,12.4,1958.0,Low,50.16
District_20,2018,Summer,5.27,24161.0,9.8,3878.0,Low,59.29
District_8,2014,Winter,6.08,23160.0,8.8,4607.0,Low,32.46
District_12,2017,Spring,3.64,37575.0,11.9,3163.0,High,28.14
District_4,2014,Winter,14.58,37746.0,11.9,1479.0,Low,59.01
District_5,2019,Summer,13.22,27059.0,10.3,1490.0,High,60.95
District_13,2015,Fall,13.96,44287.0,10.2,3217.0,Low,61.5
District_15,2018,Winter,13.17,37042.0,12.0,2330.0,High,39.84
District_16,2020,Summer,8.75,21563.0,12.1,1298.0,High,41.48
District_10,2015,Summer,14.09,73143.0,12.4,4043.0,High,52.67
District_16,2019,Spring,14.63,73161.0,16.7,1401.0,Low,51.75
District_12,2019,Summer,9.03,32551.0,14.1,1947.0,High,31.39
District_17,2018,Fall,5.11,29772.0,8.2,776.0,Low,40.31
District_16,2018,Fall,10.9,52838.0,13.2,3656.0,Low,51.73
District_12,2016,Winter,14.71,57845.0,15.6,1739.0,High,39.73
District_8,2023,Winter,13.47,77453.0,8.6,1548.0,Low,50.68
District_20,2023,Winter,13.34,42641.0,12.2,1865.0,High,37.88
District_3,2024,Winter,14.21,57092.0,12.5,4434.0,Low,51.63
District_16,2015,Fall,13.73,72691.0,17.5,2831.0,Low,54.56
District_13,2020,Spring,12.32,46997.0,12.8,1210.0,Low,42.24
District_19,2014,Winter,11.62,27341.0,15.5,3985.0,Low,43.14
District_8,2019,Spring,6.18,42647.0,11.0,1438.0,Low,35.95
District_5,2019,Summer,10.46,28194.0,15.8,2356.0,High,40.59
District_20,2016,Summer,9.26,20998.0,11.2,3056.0,Low,56.86
District_8,2015,Winter,13.34,65093.0,12.3,3130.0,High,36.16
District_12,2015,Summer,8.9,34305.0,12.8,811.0,High,36.61
District_1,2022,Spring,4.53,20120.0,17.3,4266.0,Low,45.28
District_20,2024,Spring,3.06,72346.0,8.5,2657.0,High,14.46
District_6,2018,Summer,11.13,46627.0,10.0,4952.0,Low,63.4
District_18,2020,Winter,9.6,34332.0,15.1,3728.0,Low,46.1
District_8,2018,Spring,6.97,35767.0,13.8,4967.0,Low,47.37
District_7,2020,Spring,5.03,34432.0,10.5,2541.0,Low,33.66
District_1,2017,Fall,8.6,31673.0,10.9,1134.0,Low,43.82
District_16,2021,Winter,4.2,70474.0,11.7,3773.0,High,9.05
District_12,2024,Fall,7.03,30220.0,12.5,4000.0,Low,52.71
District_6,2023,Summer,7.55,53711.0,16.2,4338.0,High,38.24
District_20,2024,Summer,8.59,24639.0,8.1,1857.0,High,56.21
District_2,2023,Fall,8.6,76971.0,17.0,2798.0,High,20.77
District_14,2020,Winter,6.08,56199.0,12.1,4359.0,Low,31.4
District_4,2023,Spring,13.2,74189.0,10.3,4391.0,High,49.6
District_1,2018,Summer,7.27,43873.0,13.1,616.0,Low,46.93
District_18,2024,Winter,5.76,68640.0,14.6,3519.0,Low,24.63
District_13,2019,Winter,5.11,71219.0,8.4,3208.0,High,16.75
District_2,2018,Summer,6.87,62177.0,15.2,875.0,Low,35.7
District_9,2020,Summer,3.81,25577.0,15.6,4686.0,Low,40.78
District_2,2015,Winter,3.39,20965.0,9.7,2504.0,Low,32.57
District_9,2018,Spring,10.26,30114.0,9.7,3534.0,High,46.44
District_1,2023,Fall,10.43,27086.0,10.0,4473.0,Low,63.88
District_11,2016,Summer,9.36,63508.0,16.0,1086.0,Low,45.62
District_3,2022,Fall,12.15,53420.0,10.7,4351.0,Low,61.52
District_20,2019,Winter,3.47,51557.0,16.0,3759.0,Low,29.03
District_4,2023,Fall,14.23,35172.0,13.4,4278.0,Low,63.04
District_18,2016,Spring,4.14,29276.0,15.7,2727.0,High,15.25
District_6,2020,Winter,11.09,32393.0,13.5,651.0,High,22.89
District_3,2017,Spring,4.6,44017.0,11.4,3517.0,High,27.67
District_11,2016,Winter,13.56,64409.0,17.1,2185.0,Low,42.77
District_15,2021,Spring,9.13,35271.0,15.2,2311.0,Low,46.23
District_5,2017,Winter,3.99,61917.0,12.8,2486.0,High,9.06
District_20,2024,Spring,10.4,49491.0,14.4,2718.0,Low,50.69
District_10,2014,Winter,3.11,73126.0,14.2,3479.0,High,2.0
District_12,2019,Spring,12.31,33975.0,11.6,3770.0,Low,56.68
District_15,2023,Winter,10.81,47051.0,12.2,3996.0,Low,49.18
District_17,2024,Spring,5.55,25800.0,11.2,3522.0,Low,47.96
District_10,2024,Summer,7.5,40109.0,18.0,4116.0,High,40.86
District_6,2014,Fall,3.09,50413.0,13.8,1050.0,Low,29.17
District_18,2018,Winter,11.32,63964.0,8.9,4266.0,Low,50.46
District_13,2020,Spring,6.87,31885.0,13.2,2243.0,Low,39.33
District_3,2019,Summer,9.86,33086.0,8.5,2879.0,High,40.43
District_10,2015,Winter,14.48,57895.0,10.9,2452.0,Low,49.78
District_14,2024,Winter,6.59,42947.0,12.5,2641.0,Low,26.77
District_6,2017,Winter,14.88,48926.0,13.3,1784.0,High,41.96
District_3,2024,Fall,10.59,70168.0,17.8,1265.0,High,20.15
District_16,2015,Spring,5.91,49945.0,17.8,972.0,Low,25.59
District_7,2024,Spring,8.24,59150.0,9.0,2531.0,Low,38.39
District_20,2014,Winter,11.89,59407.0,13.4,1064.0,Low,37.55
District_14,2016,Winter,8.36,68217.0,16.2,1602.0,High,15.64
District_9,2016,Winter,3.82,58288.0,10.4,1101.0,Low,11.97
District_15,2020,Summer,5.02,23889.0,15.5,991.0,High,28.16
District_3,2014,Winter,12.5,40530.0,16.8,4471.0,Low,47.36
District_2,2022,Fall,10.78,79359.0,14.6,3533.0,High,36.16
District_2,2024,Spring,9.84,31791.0,11.3,4657.0,High,44.44
District_3,2019,Fall,5.01,55204.0,17.2,3398.0,High,18.63
District_18,2017,Winter,13.05,70576.0,16.8,4298.0,Low,48.89
District_14,2016,Summer,14.53,55194.0,15.2,2999.0,High,57.04
District_20,2016,Winter,3.49,42336.0,11.6,2582.0,Low,30.33
District_18,2015,Winter,3.94,24814.0,15.9,2878.0,Low,19.0
District_10,2015,Winter,13.62,41700.0,11.2,1941.0,Low,56.39
District_2,2023,Winter,12.79,30924.0,10.5,3461.0,High,47.0
District_1,2018,Winter,10.42,77652.0,13.2,4537.0,High,38.1
District_4,2022,Spring,14.34,62902.0,18.0,4021.0,High,50.67
District_14,2015,Fall,10.76,64963.0,16.0,2579.0,Low,45.59
District_1,2015,Summer,5.59,46158.0,15.3,4793.0,Low,42.16
District_14,2019,Winter,11.74,26598.0,12.5,4934.0,High,40.86
District_16,2023,Summer,10.75,36003.0,11.1,2719.0,Low,55.11
District_14,2015,Spring,14.83,35583.0,16.6,4391.0,High,51.44
District_20,2017,Fall,5.57,49207.0,13.7,521.0,Low,24.48
District_3,2019,Winter,10.17,47659.0,16.1,800.0,Low,22.98
District_3,2018,Spring,12.36,46004.0,12.9,601.0,High,28.51
District_9,2014,Spring,7.07,49759.0,15.5,3979.0,Low,40.43
District_6,2019,Fall,7.56,79221.0,16.7,859.0,Low,26.56
District_13,2014,Winter,13.65,37901.0,11.9,577.0,Low,47.82
District_2,2016,Fall,7.85,56916.0,8.1,1163.0,Low,40.54
District_8,2023,Fall,10.5,34370.0,10.5,1878.0,Low,56.93
District_2,2018,Summer,13.67,47996.0,17.1,2591.0,High,44.66
District_4,2023,Summer,5.52,32003.0,14.9,794.0,Low,38.15
District_15,2018,Fall,14.78,53492.0,15.4,2745.0,Low,59.56
District_4,2023,Summer,11.42,35901.0,11.3,1616.0,Low,57.04
District_13,2019,Spring,8.95,22207.0,15.0,1735.0,Low,48.31
District_12,2023,Fall,8.17,68916.0,14.5,4199.0,High,35.85
District_13,2021,Winter,14.45,27695.0,9.8,4941.0,Low,68.04
District_14,2018,Winter,5.47,42082.0,17.7,2587.0,Low,21.23
District_20,2024,Spring,6.74,48631.0,11.5,1948.0,Low,36.76
District_18,2014,Winter,6.69,45949.0,11.3,4692.0,Low,28.69
District_6,2018,Winter,6.47,63540.0,11.7,2752.0,Low,29.89
District_11,2016,Fall,8.62,55807.0,8.9,3787.0,High,33.78
District_2,2017,Spring,14.87,37722.0,14.2,2362.0,High,60.09
District_19,2021,Fall,13.67,23102.0,10.4,1411.0,Low,61.05
District_19,2020,Spring,6.94,66056.0,16.0,3447.0,Low,33.75
District_5,2024,Fall,8.07,41152.0,11.9,3492.0,Low,51.31
District_19,2018,Fall,11.03,73383.0,12.6,2571.0,Low,39.75
District_2,2015,Summer,3.21,43703.0,14.5,1715.0,Low,29.67
District_10,2019,Winter,12.84,63060.0,15.6,4243.0,High,35.01
District_2,2024,Spring,13.56,76374.0,10.3,1739.0,Low,54.57
District_11,2019,Winter,13.29,59069.0,17.7,3466.0,High,29.2
District_18,2023,Summer,7.5,44809.0,14.2,2228.0,Low,41.0
District_15,2023,Spring,8.54,54044.0,8.1,2626.0,Low,47.63
District_9,2024,Summer,3.15,52607.0,12.2,1451.0,High,25.34
District_19,2019,Winter,7.79,55089.0,12.4,3423.0,High,27.18
District_9,2022,Fall,8.53,28809.0,16.1,1516.0,High,25.92
District_3,2024,Summer,13.88,61911.0,11.1,2686.0,High,52.96
District_9,2021,Summer,13.73,28703.0,11.3,1978.0,High,51.21
District_14,2021,Fall,14.59,20877.0,8.7,4836.0,Low,69.44
District_19,2014,Winter,13.62,57487.0,10.8,4920.0,Low,58.4
District_7,2018,Summer,3.1,27015.0,15.2,3891.0,High,32.93
District_16,2020,Winter,10.7,66225.0,14.3,4928.0,Low,44.18
District_16,2019,Fall,3.82,71958.0,8.8,1011.0,Low,30.53
District_1,2018,Spring,6.27,76684.0,9.1,4965.0,High,37.77
District_4,2021,Summer,9.94,59869.0,11.8,966.0,Low,34.76
District_4,2016,Winter,11.41,48921.0,15.4,2370.0,High,31.9
District_7,2019,Fall,10.86,41137.0,16.3,1575.0,High,42.11
District_8,2018,Fall,3.59,49456.0,8.1,4792.0,Low,41.36
District_17,2021,Summer,4.24,31421.0,11.3,3361.0,High,42.37
District_5,2017,Spring,4.54,40905.0,12.2,3187.0,High,28.12
District_7,2021,Summer,4.1,63076.0,17.1,4988.0,High,29.03
District_20,2023,Winter,5.14,33045.0,13.0,3256.0,Low,32.98
District_20,2015,Fall,11.26,35844.0,10.7,3408.0,High,39.7
District_4,2022,Spring,12.97,64960.0,11.9,701.0,Low,55.24
District_6,2022,Winter,7.91,30670.0,12.4,4366.0,Low,40.41
District_7,2023,Summer,11.31,34753.0,14.7,4865.0,High,46.98
District_18,2023,Fall,5.4,21053.0,8.4,4821.0,High,38.73
District_5,2019,Summer,14.68,63203.0,11.9,1495.0,High,49.92
District_20,2017,Spring,7.2,57074.0,14.5,1517.0,High,29.17
District_3,2017,Spring,13.15,61663.0,10.8,2147.0,High,42.86
District_7,2019,Spring,14.34,32860.0,13.9,1896.0,High,45.1
District_14,2018,Spring,13.38,61243.0,11.6,1875.0,High,40.78
District_7,2019,Spring,3.8,55783.0,15.6,3223.0,High,12.45
District_5,2020,Summer,10.8,41967.0,8.6,4125.0,Low,61.85
District_5,2020,Spring,4.44,46270.0,17.2,4715.0,High,22.18
District_2,2022,Spring,3.07,54075.0,9.7,805.0,Low,27.51
District_6,2021,Fall,3.62,49598.0,9.6,1751.0,High,13.67
District_15,2019,Spring,13.99,58510.0,16.4,1648.0,Low,46.54
District_10,2019,Fall,13.9,30859.0,16.7,2108.0,Low,61.3
District_7,2018,Fall,5.71,52443.0,8.9,2410.0,High,31.81
District_5,2014,Fall,9.56,47017.0,17.1,2251.0,Low,46.23
District_1,2022,Summer,14.46,47661.0,10.7,4785.0,Low,70.66
District_13,2022,Summer,8.96,48163.0,14.2,2467.0,Low,56.72
District_18,2022,Winter,7.72,72888.0,8.7,2982.0,Low,39.62
District_13,2024,Winter,8.8,69118.0,11.8,3869.0,High,28.77
District_18,2021,Fall,12.48,57774.0,12.5,3763.0,Low,59.55
District_5,2023,Summer,8.73,62989.0,14.0,3123.0,Low,41.56
District_13,2016,Spring,12.4,22568.0,13.3,4374.0,High,45.2
District_4,2014,Winter,8.18,64640.0,12.6,3309.0,Low,39.1
District_17,2024,Summer,6.02,49170.0,17.6,4436.0,Low,49.07
District_3,2021,Spring,6.92,39065.0,9.9,1862.0,High,26.57
District_17,2020,Spring,3.93,28387.0,9.6,1094.0,Low,37.55
District_11,2018,Summer,8.97,24513.0,15.1,4188.0,High,48.85
District_20,2023,Winter,4.78,22693.0,8.7,2221.0,Low,29.48
District_4,2020,Summer,12.74,29708.0,12.8,3430.0,High,49.88
District_2,2023,Winter,8.05,21809.0,12.8,3818.0,Low,38.85
District_20,2017,Fall,12.18,63959.0,11.1,1970.0,Low,48.22
District_16,2022,Summer,14.45,34917.0,17.3,2773.0,Low,59.93
District_18,2024,Summer,13.19,42124.0,10.8,4527.0,Low,61.46
District_8,2023,Winter,14.42,69363.0,10.9,4459.0,High,42.7
District_3,2015,Winter,9.82,26879.0,10.3,3872.0,High,40.37
District_9,2022,Summer,4.98,70136.0,9.5,3932.0,Low,47.59
District_20,2022,Spring,14.22,58372.0,11.6,4540.0,Low,59.83
District_6,2018,Spring,13.42,40522.0,14.8,3813.0,Low,65.58
District_10,2024,Spring,13.37,27068.0,15.4,2028.0,Low,54.14
District_10,2014,Fall,11.32,25490.0,16.1,1044.0,Low,59.15
District_13,2020,Fall,10.5,40131.0,10.0,2398.0,High,38.71
District_17,2023,Winter,3.18,28421.0,8.4,893.0,Low,26.81
District_9,2023,Fall,11.98,36063.0,17.7,1021.0,Low,44.41
District_17,2017,Spring,4.1,23177.0,8.1,4776.0,Low,43.62
District_9,2022,Summer,6.12,55701.0,17.6,3541.0,Low,44.26
District_9,2019,Fall,9.62,28717.0,16.3,4332.0,High,45.26
District_1,2016,Fall,8.42,65404.0,17.1,3393.0,Low,38.02
District_2,2019,Spring,3.19,33090.0,11.9,2383.0,High,23.88
District_16,2023,Fall,12.89,67879.0,10.0,613.0,Low,50.2
District_1,2019,Winter,13.55,31393.0,14.1,4801.0,Low,55.19
District_10,2018,Summer,11.18,63282.0,15.4,819.0,High,31.73
District_18,2015,Spring,9.49,39984.0,9.3,3246.0,Low,52.15
District_8,2023,Winter,14.53,54987.0,16.0,960.0,Low,41.02
District_11,2023,Spring,4.44,22320.0,10.1,1779.0,Low,31.69
District_2,2015,Winter,11.85,49715.0,12.9,1336.0,High,33.56
District_8,2020,Summer,4.54,28921.0,16.6,2992.0,Low,39.65
District_8,2015,Summer,7.58,49179.0,9.9,4492.0,Low,54.44
District_17,2019,Winter,10.03,28482.0,10.4,3360.0,Low,40.0
District_15,2018,Winter,11.85,46225.0,8.6,3489.0,Low,53.1
District_17,2017,Winter,3.04,26637.0,9.5,4590.0,Low,27.48
District_13,2020,Winter,6.13,33197.0,9.5,3872.0,Low,40.2
District_19,2021,Winter,9.46,55705.0,10.0,4397.0,High,39.71
District_5,2017,Winter,9.39,78600.0,10.9,2374.0,Low,43.27
District_12,2014,Summer,10.65,46951.0,16.1,4394.0,Low,56.95
District_1,2014,Winter,6.65,61230.0,17.2,3406.0,Low,36.28
District_5,2014,Fall,9.49,52365.0,12.1,1110.0,High,35.79
District_8,2024,Summer,5.28,49901.0,9.3,674.0,High,30.81
District_13,2014,Spring,5.24,23882.0,10.2,1598.0,High,33.66
District_8,2018,Summer,9.92,28658.0,15.4,2203.0,Low,58.44
District_11,2017,Spring,11.23,72983.0,14.8,4269.0,High,43.27
District_1,2022,Spring,4.44,44610.0,17.7,3836.0,High,21.55
District_13,2016,Fall,4.47,56860.0,8.1,4799.0,Low,41.23
District_19,2020,Winter,9.78,51694.0,15.5,3016.0,High,20.79
District_3,2024,Winter,6.24,42733.0,13.1,3865.0,Low,35.57
District_17,2021,Summer,7.71,43269.0,17.0,1739.0,Low,46.88
District_5,2019,Winter,7.81,53328.0,13.8,3558.0,Low,30.63
District_20,2023,Fall,5.14,28469.0,12.5,3678.0,High,26.77
District_8,2014,Summer,3.02,43236.0,14.7,4318.0,High,38.34
District_14,2021,Summer,13.24,46819.0,16.3,2914.0,High,47.2
District_4,2023,Summer,11.58,79108.0,10.8,3421.0,Low,47.92
District_11,2016,Winter,11.29,41087.0,9.1,1414.0,High,26.94
District_20,2021,Winter,9.56,58675.0,12.3,3815.0,High,33.42
District_15,2017,Winter,11.41,28245.0,10.1,4273.0,Low,51.59
District_19,2021,Summer,14.23,23929.0,12.3,3172.0,High,61.59
District_7,2024,Summer,10.99,72293.0,17.9,1021.0,Low,40.67
District_19,2014,Spring,6.18,63844.0,13.7,1908.0,Low,32.91
District_19,2016,Spring,9.85,39050.0,14.9,2640.0,High,44.58
District_11,2019,Winter,8.31,50275.0,14.8,3547.0,Low,35.16
District_5,2022,Summer,9.68,28145.0,16.2,1941.0,Low,55.48
District_5,2015,Winter,9.21,62430.0,17.4,4281.0,High,26.63
District_8,2024,Winter,13.31,24220.0,14.6,2173.0,High,32.81
District_10,2014,Spring,10.82,65422.0,12.8,693.0,Low,50.44
District_6,2023,Fall,5.27,52810.0,11.2,4073.0,High,41.89
District_15,2016,Winter,3.76,36731.0,11.6,3399.0,Low,28.71
District_16,2017,Fall,8.09,71754.0,11.3,4109.0,Low,46.21
District_17,2024,Fall,3.19,79164.0,11.2,2070.0,High,22.26
District_8,2018,Summer,6.82,35261.0,14.9,579.0,Low,37.63
District_8,2016,Summer,7.42,68375.0,13.9,832.0,High,31.74
District_9,2023,Winter,7.51,65010.0,10.0,1003.0,High,14.94
District_2,2024,Spring,14.75,64831.0,17.7,4123.0,Low,64.99
District_15,2015,Spring,6.65,77434.0,12.3,1856.0,High,24.11
District_18,2015,Winter,6.18,49197.0,13.7,4991.0,Low,40.14
District_3,2020,Winter,4.55,60450.0,15.0,3913.0,Low,32.81
District_17,2022,Spring,9.13,69433.0,14.1,3205.0,High,35.99
District_4,2023,Fall,4.84,48772.0,11.1,4926.0,High,33.21
District_4,2015,Winter,10.4,48886.0,16.0,1923.0,High,34.05
District_14,2020,Fall,4.86,39119.0,9.1,1245.0,Low,40.1
District_9,2020,Winter,9.92,66850.0,13.7,3818.0,High,28.71
District_9,2024,Winter,12.92,61172.0,10.7,1751.0,High,27.12
District_18,2020,Fall,3.51,47068.0,14.2,4825.0,Low,36.96
District_10,2016,Fall,8.04,45160.0,10.2,4946.0,Low,50.33
District_4,2020,Spring,8.53,24355.0,15.7,4669.0,High,40.09
District_12,2014,Winter,12.49,20390.0,10.3,4751.0,Low,55.94
District_8,2023,Summer,8.61,51734.0,16.9,3270.0,High,38.61
District_2,2014,Summer,9.81,45050.0,16.6,3615.0,Low,49.75
District_13,2018,Winter,12.49,67762.0,11.6,924.0,High,36.36
District_16,2015,Winter,9.72,52559.0,11.9,3934.0,Low,46.42
District_2,2022,Winter,7.3,76202.0,15.0,1409.0,High,10.7
District_11,2020,Fall,4.03,31768.0,8.9,4281.0,High,34.3
District_10,2017,Summer,11.76,79409.0,8.8,4827.0,High,55.7
District_15,2017,Summer,13.45,37875.0,9.4,1456.0,Low,55.44
District_17,2015,Summer,14.64,58545.0,13.6,851.0,High,49.09
District_8,2018,Winter,14.12,50111.0,9.5,2678.0,High,34.78
District_18,2017,Fall,12.57,41575.0,10.8,4062.0,Low,69.27
District_9,2014,Winter,10.72,28359.0,14.5,3968.0,High,35.12
District_8,2021,Spring,12.38,28090.0,8.2,3636.0,Low,68.73
District_14,2016,Spring,8.19,62690.0,9.8,4193.0,Low,42.11
District_18,2019,Summer,10.14,42658.0,17.3,1287.0,High,38.38
District_20,2017,Winter,7.18,77678.0,14.6,3434.0,Low,23.11
District_20,2022,Spring,6.92,39539.0,11.1,3226.0,High,32.52
District_12,2020,Spring,12.08,79011.0,8.5,1190.0,Low,52.31
District_19,2022,Winter,8.45,32325.0,13.9,2365.0,Low,39.59
District_14,2023,Fall,5.55,26169.0,10.2,4336.0,Low,50.55
District_17,2016,Winter,5.42,38754.0,17.6,4873.0,High,19.99
District_3,2014,Winter,13.31,73135.0,14.9,3494.0,High,29.69
District_7,2018,Fall,11.13,51311.0,17.7,4649.0,Low,55.25
District_17,2016,Summer,9.55,28139.0,16.5,1094.0,Low,41.85
District_12,2019,Summer,7.81,32150.0,12.8,4888.0,High,43.43
District_9,2021,Summer,8.17,38676.0,14.7,651.0,High,39.02
District_15,2024,Fall,3.69,55410.0,16.1,2873.0,Low,31.3
District_18,2017,Spring,8.46,39943.0,13.8,1810.0,Low,33.98
District_13,2018,Fall,12.55,64823.0,8.6,4163.0,Low,60.46
District_8,2018,Winter,7.66,56978.0,12.7,1479.0,Low,28.54
District_14,2017,Fall,7.6,72429.0,9.3,552.0,High,23.62
District_8,2017,Spring,3.19,50058.0,15.1,2366.0,Low,24.69
District_14,2017,Spring,8.49,39871.0,14.8,788.0,Low,43.36
District_7,2017,Winter,3.3,79776.0,17.9,1805.0,High,10.75
District_12,2017,Summer,9.84,41338.0,14.3,3397.0,Low,54.1
District_11,2018,Spring,9.08,45716.0,16.0,1826.0,Low,40.14
District_11,2015,Spring,13.08,68548.0,10.7,1606.0,Low,43.73
District_13,2015,Spring,9.98,25318.0,11.4,1200.0,High,45.83
District_18,2022,Winter,6.88,43189.0,17.2,1108.0,Low,20.59
District_2,2015,Spring,9.19,25143.0,15.6,2866.0,High,34.15
District_15,2019,Summer,11.4,28358.0,14.6,3567.0,Low,64.34
District_20,2015,Winter,4.13,20278.0,10.5,2537.0,High,22.75
District_18,2018,Summer,10.45,20573.0,15.0,1056.0,Low,53.98
District_15,2017,Spring,14.0,42817.0,16.9,3415.0,High,49.35
District_19,2020,Spring,6.59,68550.0,10.3,3007.0,Low,38.86
District_12,2020,Summer,10.52,55220.0,15.1,2216.0,Low,54.02
District_13,2019,Winter,12.86,58095.0,11.9,1985.0,Low,35.91
District_11,2023,Winter,9.14,51155.0,9.2,1324.0,High,35.14
District_5,2018,Summer,11.62,69188.0,15.6,1158.0,High,35.59
District_1,2014,Spring,6.73,72823.0,9.7,2024.0,Low,40.67
District_3,2016,Fall,6.67,70984.0,10.5,687.0,Low,35.03
District_19,2022,Summer,11.01,68728.0,15.8,2465.0,High,28.79
District_7,2014,Summer,11.46,30963.0,15.4,3207.0,Low,59.31
District_12,2018,Summer,14.24,55633.0,10.5,4737.0,High,50.37
District_15,2015,Spring,5.7,54930.0,17.4,3316.0,Low,35.02
District_5,2017,Winter,8.62,51677.0,10.2,3308.0,High,31.65
District_15,2024,Spring,6.01,48849.0,17.9,2185.0,High,13.91
District_8,2014,Summer,3.96,25350.0,15.4,1100.0,Low,34.96
District_10,2016,Spring,7.84,26130.0,11.9,2511.0,Low,42.91
District_16,2023,Spring,7.49,74137.0,9.3,3194.0,Low,41.06
District_8,2020,Summer,6.25,57811.0,11.2,3758.0,High,24.08
District_1,2023,Spring,6.56,35739.0,9.9,4217.0,High,31.57
District_12,2016,Fall,7.32,36758.0,14.2,1652.0,Low,34.6
District_5,2017,Spring,14.87,56612.0,11.6,1585.0,High,40.18
District_3,2015,Spring,12.4,44416.0,11.0,3044.0,High,43.88
District_1,2016,Winter,3.86,46479.0,15.6,3047.0,High,9.88
District_4,2022,Winter,13.47,23639.0,10.3,1481.0,High,42.77
District_8,2016,Summer,10.6,28324.0,13.9,3144.0,High,34.15
District_3,2024,Summer,13.69,43601.0,9.9,2056.0,Low,73.86
District_10,2018,Winter,7.1,61981.0,15.1,3377.0,Low,27.36
District_2,2015,Fall,8.57,22882.0,14.3,1810.0,Low,42.65
District_11,2017,Spring,13.75,40073.0,16.0,3165.0,High,48.86
District_10,2020,Fall,6.27,61704.0,8.7,3957.0,Low,53.3
District_14,2020,Fall,13.99,67523.0,10.1,4911.0,High,51.52
District_7,2016,Winter,12.94,31413.0,9.5,4600.0,High,52.34
District_2,2018,Summer,14.77,63889.0,9.9,2766.0,High,52.37
District_9,2014,Spring,6.89,77325.0,9.0,2698.0,Low,43.39
District_16,2023,Summer,5.83,74409.0,13.6,2470.0,Low,40.69
District_13,2023,Fall,6.97,67363.0,13.9,625.0,High,14.93
District_9,2023,Fall,14.46,62740.0,16.4,1247.0,Low,51.93
District_20,2024,Summer,7.0,34108.0,12.2,766.0,Low,35.36
District_4,2014,Summer,9.78,58034.0,13.3,3634.0,High,39.62
District_10,2018,Winter,7.84,58596.0,17.9,2360.0,High,10.29
District_12,2023,Summer,7.75,44409.0,13.3,787.0,Low,41.77
District_17,2022,Summer,5.32,49581.0,13.7,3608.0,High,37.94
District_14,2014,Winter,9.44,61642.0,18.0,3400.0,Low,27.39
District_14,2014,Summer,13.19,77126.0,17.9,3740.0,Low,56.7
District_2,2017,Fall,3.59,37718.0,12.2,3199.0,Low,34.47
District_20,2017,Summer,13.67,34782.0,14.3,1227.0,Low,53.16
District_11,2015,Spring,10.99,56108.0,12.8,776.0,Low,40.46
District_16,2022,Fall,10.4,27848.0,15.2,4177.0,Low,57.04
District_19,2022,Winter,10.51,54952.0,17.4,1471.0,Low,36.76
District_6,2015,Fall,6.56,25331.0,11.1,2941.0,High,36.85
District_19,2022,Winter,7.98,49435.0,16.2,2683.0,Low,31.22
District_5,2019,Spring,12.59,57225.0,14.5,4645.0,Low,56.4
District_4,2021,Spring,6.68,24207.0,10.8,2986.0,Low,41.56
District_15,2023,Fall,8.64,32417.0,16.0,3110.0,Low,45.58
District_4,2017,Summer,3.24,40122.0,12.3,1938.0,Low,28.26
District_20,2015,Fall,11.8,42116.0,9.2,4814.0,Low,62.83
District_10,2015,Fall,8.01,60566.0,17.9,3256.0,High,36.28
District_3,2022,Spring,9.3,51741.0,12.3,522.0,Low,36.62
District_5,2014,Winter,4.38,42927.0,13.4,3002.0,Low,32.7
District_6,2020,Fall,14.9,47041.0,16.1,2137.0,High,48.88
District_8,2024,Summer,6.63,20779.0,17.6,645.0,Low,44.97
District_7,2016,Spring,10.62,66232.0,16.7,2442.0,Low,25.57
District_10,2016,Fall,9.97,22460.0,13.3,3981.0,Low,56.15
District_6,2015,Fall,12.42,69759.0,13.5,2767.0,Low,53.37
District_14,2023,Summer,6.53,52460.0,10.8,3378.0,High,41.76
District_4,2019,Fall,12.07,51669.0,12.6,3379.0,Low,60.94
District_13,2023,Fall,7.59,62275.0,17.5,3520.0,High,31.21
District_20,2015,Fall,7.93,71574.0,15.3,2244.0,High,26.74
District_17,2023,Fall,11.07,76559.0,8.1,2165.0,Low,44.78
District_7,2017,Summer,12.41,52602.0,9.2,521.0,Low,46.02
District_4,2023,Fall,11.0,29039.0,17.2,1194.0,High,41.19
District_14,2022,Fall,13.8,72718.0,16.5,4779.0,High,43.4
District_3,2022,Fall,6.42,22440.0,12.9,4291.0,Low,45.95
District_5,2019,Spring,13.81,68440.0,14.2,1738.0,Low,53.82
District_16,2017,Summer,4.57,60825.0,10.9,2305.0,Low,38.23
District_20,2020,Spring,10.91,74284.0,15.9,4730.0,High,32.62
District_4,2014,Spring,9.57,73848.0,14.0,1627.0,Low,29.16
District_2,2017,Summer,8.94,23189.0,14.9,2896.0,High,40.81
District_18,2018,Spring,6.73,56567.0,11.7,599.0,High,22.87
District_19,2021,Spring,9.04,27480.0,12.3,3289.0,Low,54.03
District_19,2015,Spring,4.94,24708.0,10.1,4685.0,Low,46.0
District_17,2018,Summer,7.43,46897.0,17.5,4481.0,Low,47.61
District_14,2019,Fall,4.18,25856.0,17.5,2759.0,Low,25.79
District_19,2018,Winter,9.86,63674.0,16.2,3423.0,Low,41.4
District_13,2022,Winter,4.15,78136.0,17.4,3064.0,Low,32.55
District_12,2023,Summer,4.92,54175.0,14.7,801.0,Low,38.44
District_6,2014,Winter,4.03,34110.0,10.3,1214.0,Low,31.3
District_4,2016,Summer,7.58,70592.0,15.6,4837.0,High,38.99
District_19,2015,Summer,13.1,71186.0,11.3,1652.0,Low,50.56
District_16,2016,Winter,13.88,63967.0,12.4,2230.0,Low,42.09
District_13,2023,Spring,3.86,56908.0,10.7,2790.0,High,26.04
District_4,2022,Fall,10.61,72068.0,12.2,4906.0,Low,57.66
District_17,2022,Winter,11.21,29798.0,14.8,3605.0,High,31.89
District_1,2023,Winter,9.41,75896.0,9.1,3333.0,High,32.3
District_18,2015,Winter,11.0,76832.0,9.1,2860.0,Low,43.08
District_20,2016,Winter,5.8,72320.0,14.8,3653.0,High,19.26
District_17,2017,Summer,8.88,35040.0,15.8,3488.0,High,43.39
District_15,2022,Summer,7.69,71491.0,13.5,4563.0,Low,50.72
District_11,2016,Fall,4.08,49858.0,9.8,2938.0,Low,26.98
District_13,2020,Fall,10.51,55696.0,12.3,2397.0,Low,56.91
District_1,2016,Winter,8.94,70436.0,15.6,4132.0,Low,42.68
District_17,2020,Winter,6.3,21775.0,14.9,4099.0,Low,36.85
District_6,2020,Winter,8.68,41777.0,9.1,1264.0,Low,31.24
District_4,2022,Fall,12.3,68942.0,17.7,1566.0,Low,45.24
District_20,2015,Winter,12.62,68837.0,10.2,4814.0,Low,45.12
District_16,2019,Spring,10.79,70921.0,10.2,2498.0,High,46.02
District_15,2022,Fall,8.61,30153.0,12.6,2838.0,High,37.12
District_15,2015,Spring,9.91,62353.0,11.3,1896.0,Low,40.85
District_6,2015,Winter,7.62,28790.0,17.8,2665.0,High,24.8
District_15,2018,Summer,4.52,67106.0,8.8,3845.0,High,31.65
District_14,2023,Spring,7.63,34708.0,11.1,2671.0,Low,43.41
District_11,2023,Fall,9.36,64269.0,11.8,1917.0,Low,38.72
District_7,2023,Spring,10.19,47300.0,12.9,932.0,High,35.36
District_9,2021,Fall,14.23,79176.0,8.2,4677.0,Low,66.1
District_16,2024,Winter,12.33,54794.0,8.8,4422.0,High,49.3
District_5,2022,Spring,4.82,57955.0,10.6,4061.0,Low,30.85
District_20,2015,Summer,5.09,42090.0,13.5,3623.0,Low,37.66
District_10,2018,Spring,4.21,64071.0,15.7,2820.0,High,15.1
District_18,2020,Summer,11.86,49693.0,14.9,4538.0,Low,66.5
District_3,2019,Fall,11.47,21084.0,13.7,4063.0,Low,51.91
District_13,2019,Winter,14.84,56515.0,12.0,4172.0,High,41.91
District_11,2020,Winter,9.26,69828.0,16.7,1893.0,High,25.76
District_17,2016,Summer,12.92,34208.0,12.6,2406.0,High,54.43
District_13,2016,Fall,9.92,33264.0,11.0,3681.0,Low,60.25
District_6,2023,Winter,13.49,56533.0,14.3,2170.0,High,34.0
District_17,2022,Fall,11.65,69079.0,14.9,2723.0,High,45.86
District_13,2021,Summer,10.71,34977.0,12.0,3409.0,Low,52.53
District_19,2018,Summer,9.78,75936.0,8.3,2470.0,High,41.12
District_19,2019,Spring,11.68,75643.0,8.9,4069.0,High,43.62
District_10,2024,Winter,8.04,32032.0,16.5,1023.0,Low,27.48
District_3,2023,Winter,4.16,35827.0,8.6,3731.0,High,18.37
District_14,2014,Spring,3.48,62036.0,13.9,1153.0,Low,25.71
District_19,2023,Summer,8.75,77104.0,9.8,4720.0,Low,48.51
District_5,2014,Summer,10.19,62593.0,10.3,1913.0,Low,44.88
District_5,2017,Summer,3.95,46694.0,10.7,4079.0,Low,31.4
District_20,2015,Summer,6.44,30140.0,8.4,2846.0,Low,48.03
District_17,2024,Fall,6.86,47661.0,9.8,910.0,Low,38.7
District_10,2020,Winter,9.75,56406.0,14.5,3122.0,High,29.23
District_5,2015,Winter,6.34,39857.0,13.0,4605.0,High,26.58
District_4,2023,Summer,4.15,50615.0,16.0,1208.0,Low,27.08
District_6,2015,Summer,4.98,27813.0,8.6,1946.0,High,33.47
District_4,2018,Summer,5.09,47131.0,16.9,2476.0,Low,32.82
District_7,2017,Winter,13.11,25447.0,18.0,1738.0,Low,53.48
District_7,2021,Winter,6.41,22945.0,8.2,4747.0,High,29.53
District_18,2017,Summer,11.58,71434.0,17.7,2199.0,Low,43.27
District_3,2019,Fall,9.81,32305.0,10.4,3461.0,Low,54.71
District_1,2018,Spring,14.72,54509.0,14.9,1508.0,High,36.75
District_4,2024,Spring,6.27,28939.0,10.9,1489.0,Low,39.12
District_6,2015,Spring,4.9,35752.0,13.2,1291.0,High,13.35
District_9,2024,Winter,3.62,41680.0,13.1,2457.0,Low,24.69
District_14,2021,Winter,5.89,28621.0,11.6,2898.0,Low,32.3
District_12,2015,Spring,11.21,22758.0,15.2,548.0,Low,41.35
District_20,2022,Spring,4.02,72630.0,14.0,4248.0,High,20.45
District_4,2022,Fall,5.94,20710.0,13.1,2807.0,High,29.37
District_12,2016,Winter,13.26,23679.0,17.8,1207.0,Low,40.39
District_10,2017,Winter,10.0,68304.0,17.4,803.0,Low,30.58
District_7,2021,Spring,3.83,36921.0,17.6,784.0,Low,31.84
District_3,2022,Fall,3.57,63369.0,16.8,1659.0,Low,9.07
District_14,2016,Fall,3.73,28774.0,10.6,2747.0,Low,36.55
District_10,2018,Spring,14.3,34237.0,11.5,4371.0,High,49.82
District_16,2024,Spring,13.2,54367.0,10.3,4563.0,Low,60.51
District_16,2021,Winter,13.14,79318.0,17.9,4245.0,Low,44.84
District_10,2016,Spring,14.09,24407.0,9.5,1979.0,High,63.91
District_13,2020,Summer,9.06,44033.0,11.7,1880.0,Low,48.41
District_6,2024,Fall,5.97,22585.0,10.0,4944.0,Low,52.02
District_12,2021,Spring,7.82,31954.0,10.2,3566.0,High,34.64
District_9,2023,Summer,11.63,74448.0,10.5,1872.0,High,38.21
District_13,2024,Fall,13.51,25788.0,14.4,1981.0,Low,51.39
District_4,2016,Summer,8.22,71411.0,8.8,2456.0,High,34.86
District_11,2015,Summer,9.42,30668.0,13.7,3298.0,Low,52.76
District_20,2023,Spring,14.18,71707.0,16.2,4541.0,Low,63.24
District_18,2020,Fall,4.29,52281.0,15.7,1392.0,High,14.66
District_11,2022,Summer,13.35,72692.0,9.5,880.0,Low,58.37
District_4,2014,Winter,4.91,29102.0,17.1,2326.0,High,16.21
District_18,2016,Fall,8.81,65722.0,15.7,1605.0,High,31.03
District_1,2018,Winter,5.62,60842.0,8.1,3092.0,High,13.64
District_7,2016,Spring,10.24,52576.0,15.4,3646.0,Low,48.98
District_6,2014,Winter,9.7,68635.0,15.4,1898.0,High,22.43
District_15,2020,Fall,7.56,58897.0,13.0,3585.0,High,32.35
District_18,2020,Summer,13.36,72623.0,8.5,2044.0,Low,65.56
District_11,2023,Summer,10.92,42864.0,13.8,3357.0,Low,56.53
District_20,2021,Fall,11.65,55395.0,15.7,3349.0,High,44.61
District_15,2018,Summer,4.81,72236.0,10.7,1752.0,High,26.58
District_16,2023,Winter,13.6,32889.0,14.7,3361.0,Low,52.71
District_7,2018,Summer,5.0,49144.0,11.5,2214.0,Low,41.82
District_10,2018,Summer,5.67,77645.0,13.7,2014.0,Low,33.84
District_12,2014,Winter,4.54,48416.0,11.8,1802.0,High,22.46
District_14,2023,Winter,8.28,35170.0,11.0,2055.0,High,32.94
District_5,2018,Winter,13.65,41065.0,16.6,4040.0,Low,50.24
District_18,2019,Spring,6.03,73105.0,15.5,1603.0,Low,28.23
District_5,2014,Winter,7.49,77293.0,11.5,3569.0,Low,35.78
District_3,2024,Winter,13.15,77006.0,12.3,4553.0,Low,53.69
District_5,2020,Spring,10.41,61937.0,14.9,2077.0,Low,50.12
District_17,2014,Summer,12.02,50576.0,16.1,633.0,High,42.78
District_19,2024,Winter,5.57,30961.0,14.8,611.0,Low,22.39
District_19,2015,Fall,11.6,27393.0,13.4,1128.0,High,35.77
District_12,2015,Winter,5.73,23586.0,17.5,995.0,Low,28.19
District_9,2018,Winter,14.85,21063.0,15.7,3866.0,Low,58.26
District_1,2023,Spring,9.72,72687.0,9.2,1827.0,Low,38.81
District_18,2020,Fall,11.35,68545.0,13.6,3436.0,High,44.08
District_4,2014,Summer,4.42,54069.0,12.1,691.0,Low,40.5
District_10,2023,Summer,6.01,79923.0,15.9,1831.0,High,22.61
District_7,2014,Fall,4.68,77183.0,8.4,1554.0,High,29.16
District_1,2014,Winter,7.68,59307.0,12.1,1746.0,Low,34.27
District_17,2019,Spring,6.41,47874.0,11.2,1358.0,Low,29.94
District_2,2015,Fall,11.8,29130.0,9.4,3281.0,Low,62.66
District_11,2014,Fall,4.3,50936.0,11.8,3482.0,Low,27.92
District_9,2019,Summer,12.02,29465.0,14.7,1168.0,High,46.19
District_7,2015,Spring,3.55,43907.0,11.6,3835.0,High,21.05
District_17,2019,Fall,5.42,76559.0,13.8,1625.0,High,19.11
District_17,2023,Spring,12.5,40519.0,13.9,1773.0,Low,53.96
District_2,2021,Winter,11.91,29167.0,13.9,4230.0,Low,48.28
District_6,2015,Summer,8.72,54944.0,13.3,4555.0,Low,62.37
District_14,2024,Winter,3.6,56142.0,9.2,4211.0,Low,26.44
District_6,2022,Spring,10.32,31628.0,10.2,1165.0,Low,37.67
District_2,2021,Winter,7.88,31795.0,16.0,4997.0,High,30.78
District_1,2023,Summer,6.8,79373.0,13.0,3525.0,High,39.47
District_10,2014,Spring,10.68,34597.0,15.1,2798.0,Low,48.75
District_5,2020,Fall,8.24,70292.0,13.7,4797.0,Low,42.78
District_2,2023,Winter,4.11,48219.0,8.4,4178.0,Low,25.94
District_16,2019,Summer,13.99,46099.0,16.0,3613.0,Low,60.08
District_2,2019,Fall,12.34,37698.0,8.6,4273.0,Low,58.66
District_10,2019,Summer,3.68,66430.0,17.4,2235.0,High,19.72
District_2,2019,Spring,9.3,72840.0,10.2,3580.0,High,38.55
District_16,2023,Spring,4.0,35668.0,13.1,1358.0,Low,24.86
District_16,2020,Winter,13.05,25706.0,8.6,4946.0,High,50.33
District_19,2016,Summer,10.36,28215.0,16.9,3150.0,Low,61.39
District_7,2019,Summer,5.07,67568.0,17.8,4164.0,High,25.1
District_12,2016,Summer,3.25,46150.0,9.5,2333.0,Low,36.48
District_15,2020,Spring,3.38,27915.0,11.0,3914.0,High,29.98
District_8,2020,Winter,9.09,40417.0,8.2,2243.0,High,25.18
District_6,2021,Summer,11.81,50854.0,15.9,3155.0,Low,60.25
District_10,2015,Summer,4.45,71123.0,11.1,4002.0,High,29.28
District_3,2022,Fall,5.66,58505.0,13.9,1024.0,High,13.76
District_19,2018,Summer,6.93,30562.0,8.4,2106.0,Low,53.34
District_17,2022,Winter,5.62,29522.0,15.2,2952.0,Low,27.88
District_7,2023,Fall,7.7,44740.0,13.3,2003.0,High,25.86
District_20,2018,Fall,9.72,24512.0,15.2,1891.0,High,36.4
District_4,2020,Fall,11.22,65335.0,15.9,1767.0,Low,47.91
District_14,2024,Spring,14.57,44087.0,8.9,1525.0,Low,57.43
District_20,2022,Fall,14.17,40581.0,13.8,4320.0,Low,58.69
District_15,2017,Summer,9.84,50546.0,14.5,4657.0,High,35.26
District_8,2015,Spring,11.81,62537.0,13.2,3651.0,Low,44.68
District_15,2022,Spring,14.41,54161.0,9.8,635.0,High,41.57
District_20,2015,Spring,4.0,68144.0,16.0,4038.0,High,13.4
District_14,2016,Spring,3.07,57762.0,18.0,2894.0,High,10.22
District_9,2023,Spring,3.36,67278.0,17.7,3911.0,High,25.98
District_8,2015,Spring,9.76,61807.0,15.8,2468.0,Low,46.91
District_17,2016,Spring,12.15,31587.0,12.2,686.0,High,35.43
District_2,2019,Fall,7.4,23141.0,11.4,3568.0,Low,50.06
District_3,2016,Winter,9.54,74204.0,8.7,2499.0,Low,33.13
District_8,2023,Summer,9.2,76739.0,12.2,4433.0,High,50.43
District_12,2021,Summer,4.14,63616.0,9.6,3822.0,Low,43.06
District_1,2024,Fall,6.86,63452.0,10.5,2118.0,Low,43.69
District_10,2019,Fall,3.23,36209.0,16.9,3758.0,Low,28.07
District_20,2020,Spring,4.33,52547.0,17.7,2728.0,High,25.45
District_3,2014,Winter,12.74,79534.0,17.5,1397.0,High,21.43
District_6,2016,Spring,12.95,71369.0,9.9,2389.0,High,34.08
District_7,2016,Fall,12.62,38264.0,17.0,1502.0,Low,47.45
District_20,2015,Spring,11.72,38063.0,9.4,522.0,High,36.31
District_18,2020,Summer,12.52,49015.0,13.1,1611.0,Low,60.73
District_11,2022,Summer,11.05,44276.0,14.4,1443.0,High,37.78
District_19,2017,Spring,11.04,42269.0,12.6,520.0,Low,46.88
District_5,2018,Winter,11.01,57618.0,17.5,4028.0,Low,37.03
District_19,2016,Spring,9.17,20690.0,11.3,846.0,High,30.8
District_11,2024,Spring,7.36,65800.0,13.3,2521.0,Low,36.82
District_12,2022,Winter,11.76,64403.0,8.8,2380.0,Low,47.79
District_10,2017,Winter,6.58,69820.0,16.5,1316.0,Low,12.61
District_8,2018,Winter,9.51,70487.0,12.1,4851.0,Low,47.25
District_9,2014,Summer,8.2,53984.0,15.0,3217.0,Low,51.73
District_4,2024,Spring,6.32,66804.0,14.8,4161.0,Low,35.92
District_5,2015,Fall,14.7,49544.0,14.8,2733.0,Low,56.79
District_8,2022,Winter,6.11,77092.0,13.1,3753.0,High,5.64
District_9,2015,Winter,6.71,31442.0,10.8,4864.0,High,41.89
District_15,2018,Spring,4.94,74937.0,14.3,2068.0,High,15.45
District_15,2021,Fall,12.88,35512.0,17.6,2769.0,High,47.97
District_16,2016,Spring,10.04,26163.0,16.3,2815.0,Low,44.25
District_14,2019,Spring,10.36,46346.0,9.1,4964.0,Low,58.76
District_8,2017,Winter,12.85,56895.0,8.2,1549.0,Low,49.61
District_18,2024,Winter,7.12,33859.0,13.0,3539.0,High,25.04
District_10,2020,Summer,5.32,53348.0,15.8,1122.0,Low,25.09
District_20,2023,Fall,5.38,68474.0,11.1,4672.0,Low,40.43
District_6,2016,Fall,11.79,35425.0,15.0,3157.0,Low,46.55
District_12,2019,Winter,10.37,54819.0,17.3,4367.0,High,26.17
District_2,2023,Winter,5.48,40359.0,12.6,4529.0,High,22.48
District_7,2022,Winter,4.74,51786.0,10.4,3007.0,High,20.06
District_16,2024,Fall,4.45,60015.0,17.2,3569.0,Low,27.43
District_3,2023,Summer,10.53,41025.0,12.7,3644.0,High,42.29
District_13,2014,Fall,3.0,79669.0,12.1,2572.0,Low,27.13
District_3,2016,Winter,3.22,53827.0,11.5,2457.0,High,16.07
District_18,2015,Winter,7.67,69468.0,12.2,1338.0,High,10.62
District_11,2021,Summer,11.3,63508.0,14.7,2228.0,High,40.76
District_8,2020,Spring,11.34,71168.0,12.3,4958.0,Low,57.98
District_6,2015,Spring,8.16,30428.0,11.2,1714.0,Low,44.25
District_1,2019,Fall,11.29,33353.0,15.4,3931.0,Low,48.53
District_1,2016,Spring,9.25,49245.0,10.0,767.0,High,33.21
District_8,2021,Spring,14.72,71140.0,10.0,2604.0,High,47.93
District_5,2023,Fall,4.95,31856.0,15.0,763.0,Low,30.68
District_16,2016,Winter,10.21,78264.0,16.7,2641.0,High,22.23
District_11,2023,Spring,8.89,27656.0,10.4,624.0,High,23.46
District_5,2022,Winter,5.33,30505.0,9.9,3260.0,High,24.76
District_4,2014,Fall,12.0,30034.0,14.7,3139.0,High,49.96
District_6,2018,Winter,6.31,55160.0,14.2,4090.0,High,29.74
District_14,2016,Winter,7.58,75052.0,12.5,3125.0,High,26.57
District_19,2019,Fall,7.5,35307.0,9.0,4667.0,Low,53.62
District_9,2023,Winter,5.93,53182.0,8.9,4024.0,Low,40.46
District_12,2015,Spring,8.17,30546.0,15.8,1097.0,Low,40.07
District_11,2022,Spring,8.68,57868.0,12.5,1695.0,High,28.43
District_14,2019,Spring,11.93,27395.0,16.6,618.0,Low,50.74
District_16,2020,Spring,12.18,49479.0,13.7,2238.0,High,36.76
District_1,2018,Winter,4.9,59311.0,14.2,2793.0,Low,24.01
District_13,2022,Spring,10.11,54748.0,17.3,4757.0,Low,52.51
District_13,2014,Winter,13.75,28400.0,9.6,2850.0,Low,51.45
District_2,2018,Summer,4.31,29682.0,13.4,4015.0,Low,38.25
District_4,2024,Winter,8.67,60283.0,8.6,1706.0,High,21.33
District_6,2023,Spring,12.0,68535.0,11.6,1189.0,Low,47.93
District_5,2024,Summer,10.34,74484.0,9.5,4149.0,Low,68.81
District_3,2019,Fall,4.21,68817.0,9.9,1613.0,Low,36.15
District_1,2020,Winter,7.76,78435.0,17.3,4421.0,Low,34.46
District_4,2017,Spring,9.09,44495.0,14.1,1264.0,High,37.56
District_20,2014,Spring,14.95,39870.0,16.9,4332.0,High,52.92
District_2,2024,Spring,5.14,21691.0,12.4,3978.0,Low,40.01
District_5,2021,Fall,14.79,46994.0,14.0,3250.0,High,50.39
District_3,2023,Summer,7.51,59082.0,8.3,4326.0,High,43.24
District_9,2017,Summer,5.4,68925.0,12.7,1988.0,Low,31.63
District_20,2016,Spring,7.97,36047.0,13.6,1247.0,High,27.58
District_6,2020,Winter,10.37,50815.0,8.2,1207.0,Low,32.95
District_18,2015,Spring,5.56,59721.0,15.9,1717.0,Low,26.59
District_6,2021,Spring,6.5,53096.0,11.0,2508.0,High,28.36
District_19,2019,Winter,13.25,36441.0,12.5,4442.0,Low,54.61
District_12,2020,Spring,14.99,67777.0,13.4,903.0,High,49.07
District_11,2018,Fall,6.82,30402.0,17.9,4619.0,High,34.42
District_2,2022,Spring,4.79,74299.0,9.0,4665.0,High,38.65
District_15,2018,Fall,12.52,77156.0,13.6,3773.0,Low,45.62
District_12,2024,Spring,10.21,41934.0,13.3,4551.0,Low,57.95
District_12,2018,Summer,4.2,42571.0,8.7,3965.0,Low,48.4
District_9,2016,Winter,14.36,64597.0,14.3,2877.0,Low,47.02
District_2,2024,Summer,3.94,47377.0,10.9,3203.0,High,24.85
District_3,2014,Spring,10.5,21717.0,9.0,3327.0,Low,59.65
District_12,2015,Spring,8.09,75193.0,9.8,1071.0,Low,47.74
District_16,2021,Fall,9.68,45845.0,16.2,1369.0,High,32.4
District_1,2014,Spring,5.56,32210.0,9.0,2855.0,Low,42.36
District_3,2020,Spring,11.26,53340.0,12.7,1019.0,Low,45.27
District_20,2018,Spring,14.52,33134.0,10.0,4842.0,Low,72.84
District_2,2016,Summer,8.5,32361.0,9.6,2782.0,High,52.93
District_9,2024,Fall,9.28,52744.0,10.1,2210.0,Low,45.0
District_19,2020,Summer,5.88,43463.0,12.9,1209.0,High,29.8
District_15,2022,Fall,13.7,54380.0,10.4,2374.0,Low,57.87
District_18,2015,Summer,14.65,79810.0,9.0,1861.0,High,49.0
District_11,2021,Spring,12.44,71541.0,16.0,896.0,Low,42.01
District_16,2022,Summer,9.51,20460.0,13.4,4852.0,High,59.52
District_17,2024,Summer,14.48,23033.0,9.6,1692.0,Low,65.0
District_5,2016,Fall,4.85,56605.0,12.7,3607.0,High,28.57
District_12,2015,Fall,8.74,57575.0,8.7,911.0,Low,44.28
District_11,2020,Summer,9.45,72691.0,13.8,4609.0,Low,52.7
District_15,2018,Fall,8.9,57743.0,11.4,3158.0,Low,48.82
District_3,2018,Fall,12.63,33663.0,9.0,3456.0,High,54.79
District_1,2023,Fall,11.04,48111.0,9.8,4018.0,High,43.04
District_20,2018,Winter,4.52,68539.0,11.5,3227.0,High,15.94
District_16,2017,Fall,7.16,75369.0,16.1,819.0,Low,27.91
District_2,2018,Winter,7.07,34215.0,9.7,2433.0,Low,31.86
District_2,2017,Winter,9.79,52376.0,9.1,1679.0,Low,39.85
District_3,2019,Fall,6.5,29536.0,13.2,2690.0,High,31.59
District_8,2017,Summer,4.41,49820.0,13.6,2319.0,High,37.03
District_15,2015,Fall,10.84,25407.0,8.9,4219.0,Low,57.93
District_7,2022,Spring,13.21,76504.0,10.8,1612.0,High,44.55
District_6,2015,Summer,14.18,58283.0,10.6,1406.0,High,52.66
District_9,2022,Winter,14.67,71253.0,9.9,4811.0,High,52.73
District_20,2023,Winter,12.37,79898.0,11.2,4773.0,High,35.1
District_1,2019,Summer,4.68,30960.0,8.4,4971.0,High,34.17
District_8,2022,Summer,13.24,61649.0,14.5,3058.0,Low,57.97
District_3,2022,Fall,7.8,73219.0,17.9,1009.0,High,22.51
District_4,2016,Winter,11.76,54556.0,14.3,4461.0,Low,45.65
District_15,2014,Spring,9.38,58382.0,11.6,1153.0,Low,39.79
District_6,2014,Fall,12.94,44460.0,14.7,1200.0,Low,59.49
District_15,2016,Summer,8.11,60486.0,13.7,1370.0,High,27.95
District_3,2018,Winter,3.74,43735.0,16.5,3440.0,High,18.27
District_14,2016,Summer,9.68,48597.0,14.2,982.0,High,30.74
District_20,2022,Summer,5.06,26175.0,14.3,4002.0,Low,52.13
District_14,2022,Summer,14.59,20469.0,10.2,762.0,Low,65.12
District_4,2016,Fall,9.32,23309.0,12.2,997.0,Low,48.09
District_12,2016,Spring,9.64,31551.0,11.4,2455.0,High,36.08
District_17,2018,Spring,13.89,47396.0,8.1,2206.0,Low,60.58
District_7,2015,Winter,10.5,21260.0,11.1,4954.0,Low,54.62
District_9,2019,Summer,6.63,29356.0,12.9,4851.0,High,36.8
District_3,2020,Spring,6.55,66887.0,14.0,1354.0,High,17.95
District_13,2022,Summer,9.02,65730.0,17.3,4760.0,Low,50.96
District_15,2019,Winter,13.4,67384.0,10.4,3615.0,High,37.08
District_18,2016,Summer,12.54,75292.0,9.5,2340.0,Low,58.42
District_19,2018,Spring,14.55,27144.0,16.7,3828.0,High,50.18
District_1,2017,Summer,3.86,29788.0,17.4,4551.0,High,34.39
District_6,2018,Spring,6.22,40013.0,12.9,1311.0,Low,33.76
District_2,2021,Winter,3.96,74908.0,9.2,1382.0,High,22.57
District_14,2021,Summer,12.01,66529.0,12.9,2339.0,Low,44.37
District_6,2019,Spring,4.69,39447.0,9.1,1261.0,Low,30.53
District_14,2014,Winter,4.2,25258.0,16.8,2122.0,Low,26.63
District_4,2021,Summer,9.74,56983.0,15.1,3406.0,Low,51.87
District_8,2021,Winter,7.94,35409.0,10.4,4158.0,High,35.78
District_3,2015,Spring,11.58,51869.0,16.9,1859.0,Low,27.85
District_19,2017,Summer,8.84,76508.0,14.4,1768.0,Low,40.65
District_14,2015,Summer,8.1,54357.0,17.5,4009.0,Low,46.63
District_20,2017,Summer,8.11,75430.0,17.8,2215.0,High,30.83
District_17,2023,Winter,13.46,43582.0,8.0,4183.0,High,50.41
District_8,2020,Winter,7.74,58001.0,9.2,4970.0,Low,43.43
District_14,2022,Spring,7.0,73633.0,13.5,4909.0,Low,41.2
District_6,2021,Fall,7.06,55279.0,17.6,3482.0,High,20.95
District_16,2022,Summer,5.36,56894.0,17.9,2188.0,Low,35.21
District_19,2021,Summer,13.33,62978.0,13.7,795.0,High,41.97
District_14,2015,Spring,4.76,72926.0,9.7,3821.0,Low,34.53
District_19,2020,Summer,13.9,25291.0,9.6,4901.0,Low,75.97
District_3,2015,Winter,6.4,40212.0,15.6,806.0,Low,21.95
District_10,2024,Winter,13.79,43861.0,13.9,528.0,Low,35.33
District_19,2015,Summer,12.49,74583.0,13.5,4243.0,High,52.56
District_9,2017,Summer,9.98,77360.0,12.7,960.0,High,42.94
District_20,2014,Winter,11.03,27223.0,15.3,867.0,High,29.24
District_13,2018,Summer,6.91,27146.0,16.6,4597.0,Low,51.89
District_7,2019,Winter,9.89,76092.0,11.0,858.0,High,29.36
District_14,2022,Fall,6.51,37746.0,10.2,1013.0,High,37.96
District_9,2023,Fall,7.83,34509.0,14.7,3063.0,Low,43.0
District_19,2021,Summer,12.18,22137.0,17.1,3906.0,Low,58.08
District_15,2015,Summer,5.93,36536.0,11.5,2298.0,Low,46.93
District_20,2014,Summer,13.07,61612.0,10.7,2393.0,Low,60.66
District_14,2015,Winter,7.51,45562.0,10.3,3347.0,High,33.55
District_6,2020,Fall,9.39,51012.0,10.5,2774.0,High,38.61
District_4,2017,Fall,14.3,75038.0,9.3,584.0,Low,52.29
District_8,2023,Spring,11.18,26881.0,14.0,1011.0,High,32.17
District_17,2018,Spring,10.75,24274.0,10.8,3117.0,High,50.88
District_9,2020,Summer,11.54,71116.0,14.1,4071.0,Low,53.07
District_1,2016,Winter,14.02,66491.0,8.8,3934.0,Low,49.07
District_20,2023,Summer,5.98,35824.0,9.2,3830.0,High,28.66
District_14,2015,Fall,10.36,39454.0,13.4,3971.0,High,43.02
District_11,2020,Summer,7.8,38617.0,13.1,700.0,Low,39.15
District_3,2018,Summer,3.14,58869.0,10.7,4528.0,High,30.73
District_9,2014,Fall,4.5,23673.0,16.3,4502.0,High,27.5
District_14,2014,Fall,6.9,49364.0,9.9,2894.0,Low,41.83
District_9,2022,Fall,9.78,28032.0,11.6,1619.0,High,34.38
District_4,2018,Fall,13.58,69184.0,13.6,3165.0,High,40.77
District_4,2014,Spring,12.49,42840.0,16.7,3010.0,Low,46.42
District_8,2020,Winter,9.64,51654.0,12.2,1503.0,Low,34.69
District_2,2022,Winter,3.89,21759.0,12.0,3214.0,Low,25.38
District_9,2024,Fall,6.43,23496.0,13.8,4088.0,Low,52.31
District_14,2014,Winter,7.4,60503.0,11.2,4127.0,Low,37.6
District_9,2023,Winter,10.46,66006.0,15.1,769.0,Low,22.79
District_16,2017,Winter,3.78,62602.0,10.5,1387.0,Low,21.83
District_17,2016,Winter,9.36,64221.0,16.2,3507.0,Low,30.57
District_16,2018,Fall,13.82,26277.0,10.7,4369.0,High,63.21
District_12,2020,Summer,11.47,61607.0,17.9,2845.0,Low,46.97
District_3,2021,Summer,12.56,30905.0,11.2,3684.0,Low,73.63
District_11,2015,Summer,11.18,25881.0,16.8,595.0,Low,54.06
District_14,2020,Spring,5.48,65430.0,12.0,3238.0,High,43.82
District_18,2014,Winter,4.33,73364.0,10.5,4829.0,Low,31.32
District_5,2020,Fall,12.95,63003.0,10.3,3475.0,Low,61.54
District_16,2021,Fall,11.35,68334.0,16.5,4650.0,High,40.63
District_20,2015,Spring,9.9,79465.0,11.1,3047.0,Low,45.31
District_5,2022,Fall,5.27,28085.0,11.4,4295.0,Low,51.63
District_3,2014,Summer,10.24,77909.0,10.0,1059.0,Low,50.98
District_12,2019,Spring,3.38,56072.0,17.6,1056.0,Low,19.12
District_1,2014,Fall,4.43,68795.0,10.4,1041.0,Low,35.03
District_9,2016,Spring,6.74,59010.0,10.5,2700.0,Low,44.64
District_9,2024,Spring,8.32,54202.0,17.4,1986.0,Low,42.98
District_4,2019,Fall,4.45,62217.0,17.0,3736.0,Low,37.09
District_3,2016,Summer,4.44,39216.0,10.5,4562.0,High,36.64
District_17,2021,Fall,11.71,75456.0,16.6,3287.0,High,33.87
District_2,2018,Winter,9.84,26918.0,10.5,1459.0,High,29.31
District_1,2015,Winter,9.4,39082.0,8.8,4689.0,Low,53.78
District_8,2017,Fall,8.43,21870.0,16.2,2875.0,Low,51.93
District_13,2022,Summer,14.72,36279.0,15.7,3740.0,Low,72.15
District_15,2017,Winter,3.6,33093.0,10.9,4507.0,Low,26.46
District_8,2023,Winter,5.17,22978.0,8.9,4954.0,Low,38.86
District_12,2023,Fall,10.77,49506.0,10.1,2777.0,Low,56.18
District_12,2021,Fall,4.64,48118.0,15.7,4136.0,High,32.22
District_14,2018,Fall,10.07,24665.0,17.6,3051.0,Low,49.53
District_15,2024,Spring,9.81,35711.0,10.6,2689.0,Low,58.29
District_15,2024,Spring,14.65,77199.0,16.2,2920.0,Low,42.17
District_9,2023,Spring,13.6,26644.0,10.3,2679.0,Low,60.72
District_19,2014,Fall,14.35,38301.0,14.8,2395.0,Low,64.6
District_20,2020,Summer,4.36,22152.0,8.8,3757.0,High,41.72
District_8,2016,Winter,13.42,28933.0,13.9,1624.0,High,33.2
District_19,2023,Spring,4.55,61964.0,10.7,3274.0,Low,39.16
District_6,2021,Summer,10.6,42003.0,17.3,3708.0,High,44.74
District_20,2016,Fall,11.64,47125.0,10.9,4514.0,High,47.37
District_19,2014,Spring,4.93,29419.0,12.0,1993.0,High,18.05
District_4,2018,Fall,10.59,60928.0,16.4,4373.0,High,42.53
District_7,2015,Summer,3.63,65091.0,12.4,4754.0,Low,35.76
District_4,2024,Spring,6.52,30867.0,10.4,3419.0,Low,56.25
District_12,2017,Spring,14.05,22700.0,13.5,3971.0,Low,55.26
District_13,2014,Spring,5.06,24856.0,16.4,2326.0,Low,33.77
District_3,2022,Spring,3.78,59423.0,12.3,4785.0,High,30.32
District_12,2019,Summer,8.32,28131.0,9.3,3519.0,High,42.73
District_2,2021,Spring,13.21,49635.0,11.8,1896.0,Low,49.88
District_2,2024,Winter,3.92,29158.0,17.5,2319.0,Low,26.09
District_9,2017,Winter,7.27,30209.0,8.7,3280.0,High,27.0
District_1,2022,Fall,13.8,20262.0,12.1,1554.0,Low,68.63
District_8,2015,Spring,4.42,39249.0,14.5,3893.0,High,26.63
District_6,2022,Winter,6.73,25388.0,8.8,1511.0,High,23.66
District_6,2018,Winter,12.34,43638.0,11.4,3163.0,High,47.46
District_18,2019,Winter,9.52,55867.0,17.4,3637.0,Low,30.63
District_17,2016,Summer,12.99,42052.0,8.3,4369.0,Low,79.61
District_12,2017,Spring,4.34,62305.0,15.5,3803.0,High,16.48
District_6,2019,Summer,14.05,64487.0,16.4,4095.0,Low,67.61
District_8,2020,Summer,14.22,61796.0,10.8,4608.0,Low,78.65
District_19,2014,Winter,4.86,76203.0,10.1,3190.0,Low,26.63
District_10,2020,Winter,3.41,34238.0,17.1,4308.0,High,15.62
District_1,2014,Fall,14.88,31367.0,15.6,1543.0,High,45.05
District_13,2018,Spring,8.79,56583.0,9.1,4166.0,High,36.94
District_17,2019,Spring,9.86,55693.0,10.1,1498.0,Low,45.1
District_3,2015,Winter,10.39,50606.0,14.2,4706.0,Low,49.82
District_8,2023,Winter,12.48,20261.0,12.2,1985.0,High,41.85
District_14,2022,Spring,12.74,53314.0,13.0,1273.0,Low,51.18
District_3,2023,Fall,5.33,75968.0,17.5,1167.0,Low,19.24
District_16,2019,Winter,5.84,40075.0,12.2,1343.0,Low,22.03
District_13,2020,Fall,13.52,78056.0,16.8,2514.0,Low,56.66
District_20,2023,Summer,12.83,41405.0,14.6,2850.0,Low,53.14
District_17,2021,Winter,10.41,28391.0,9.2,4612.0,Low,52.63
District_13,2024,Summer,14.94,43904.0,15.4,2215.0,High,55.72
District_6,2023,Winter,11.82,49677.0,13.2,1479.0,High,37.94
District_17,2014,Summer,5.59,57768.0,10.3,3847.0,Low,46.71
District_14,2021,Winter,13.16,50293.0,10.9,1106.0,Low,46.15
District_17,2017,Fall,7.98,52203.0,13.6,4515.0,Low,44.72
District_8,2023,Fall,3.43,21444.0,14.0,2342.0,Low,42.03
District_11,2021,Fall,6.86,35217.0,17.7,3262.0,Low,45.83
District_20,2019,Summer,12.16,38642.0,16.5,1338.0,Low,47.07
District_1,2024,Fall,14.52,79225.0,10.1,1155.0,Low,56.11
District_7,2022,Summer,6.31,37734.0,15.7,4095.0,High,36.09
District_17,2024,Winter,5.96,73795.0,8.1,2434.0,Low,31.61
District_10,2017,Summer,9.76,38284.0,9.3,4940.0,Low,60.18
District_11,2015,Winter,12.74,25767.0,10.0,2859.0,Low,43.8
District_9,2015,Spring,11.96,34857.0,14.0,4305.0,Low,52.07
District_9,2018,Spring,9.72,36370.0,9.9,4910.0,Low,54.85
District_5,2023,Spring,10.58,78695.0,11.7,1765.0,High,29.79
District_17,2022,Summer,5.91,60457.0,10.4,4104.0,High,25.86
District_9,2016,Spring,8.19,75901.0,11.4,599.0,Low,35.07
District_17,2021,Spring,6.06,70100.0,17.4,3559.0,Low,24.85
District_19,2017,Spring,13.61,54716.0,18.0,3853.0,Low,53.22
District_7,2019,Winter,4.35,60523.0,14.9,2648.0,Low,15.97
District_9,2023,Fall,11.16,57490.0,13.7,1229.0,High,25.29
District_7,2019,Summer,6.12,59976.0,15.1,3275.0,High,30.8
District_13,2016,Spring,8.71,35886.0,15.7,4539.0,Low,47.28
District_11,2018,Winter,6.59,44488.0,15.4,4691.0,Low,35.96
District_14,2016,Fall,6.88,55557.0,8.8,3857.0,Low,54.6
District_19,2024,Fall,6.12,22156.0,11.1,1687.0,Low,44.49
District_11,2024,Fall,12.03,48970.0,11.4,4416.0,Low,69.41
District_13,2014,Winter,7.39,71584.0,11.7,4500.0,Low,35.01
District_14,2020,Spring,11.72,49542.0,11.4,2153.0,High,37.27
District_13,2017,Fall,8.47,53139.0,15.9,1323.0,High,28.6
District_1,2020,Winter,9.57,32114.0,15.5,4436.0,High,43.22
District_8,2016,Winter,9.52,67661.0,8.0,4483.0,High,30.46
District_12,2024,Summer,14.71,41533.0,11.0,954.0,High,59.44
District_19,2018,Winter,7.4,77395.0,14.2,4851.0,Low,36.6
District_12,2018,Fall,5.49,79623.0,9.2,2899.0,High,24.07
District_8,2015,Fall,13.94,74960.0,8.7,4972.0,High,62.33
District_8,2024,Winter,5.1,25093.0,16.3,2503.0,Low,21.21
District_13,2023,Fall,13.01,39991.0,12.5,2900.0,High,51.04
District_12,2015,Winter,4.8,76708.0,16.6,1697.0,High,5.11
District_16,2017,Fall,10.9,68272.0,16.2,4545.0,Low,55.01
District_1,2017,Summer,4.81,74671.0,16.9,2497.0,High,23.05
District_13,2017,Spring,14.08,54353.0,8.5,4166.0,High,60.54
District_7,2019,Summer,9.78,48824.0,9.9,859.0,High,40.08
District_5,2015,Summer,6.95,26390.0,11.0,4047.0,Low,52.43
District_8,2019,Spring,4.68,70368.0,9.4,2706.0,Low,33.51
District_14,2020,Fall,7.45,64708.0,12.9,524.0,High,23.56
District_13,2024,Spring,11.46,23533.0,16.0,1518.0,Low,49.45
District_15,2023,Winter,7.62,32565.0,17.5,1372.0,High,21.18
District_17,2016,Spring,5.95,53437.0,16.9,3883.0,Low,35.7
District_15,2024,Summer,9.93,61064.0,12.6,2647.0,Low,54.43
District_20,2021,Spring,8.01,28260.0,14.4,1219.0,High,40.18
District_18,2015,Fall,4.99,34689.0,10.3,1656.0,Low,33.31
District_18,2024,Summer,4.85,31587.0,12.0,2768.0,Low,48.68
District_2,2021,Winter,11.49,33200.0,16.7,588.0,Low,32.39
District_4,2024,Fall,14.7,75243.0,8.3,2409.0,Low,54.67
District_1,2018,Summer,5.8,62949.0,13.3,3551.0,Low,49.55
District_4,2015,Winter,12.28,64226.0,16.7,2830.0,Low,35.32
District_18,2020,Fall,4.05,67640.0,9.2,3191.0,Low,35.21
District_5,2015,Winter,7.58,41394.0,17.8,1970.0,Low,23.82
District_19,2019,Spring,9.08,66031.0,8.1,1324.0,Low,54.73
District_15,2023,Spring,6.22,78705.0,16.9,4144.0,Low,33.19
District_8,2016,Winter,9.35,61904.0,11.5,4575.0,Low,37.79
District_20,2022,Spring,13.59,45005.0,9.3,2798.0,Low,55.96
District_17,2016,Winter,14.33,62982.0,9.6,1873.0,High,50.04
District_1,2024,Fall,4.21,74048.0,15.0,2800.0,High,16.73
District_12,2016,Summer,6.26,27726.0,16.7,4455.0,Low,47.75
District_19,2018,Winter,14.75,35918.0,14.4,3611.0,Low,62.33
District_15,2020,Summer,6.25,75158.0,17.3,4364.0,Low,46.51
District_9,2021,Summer,11.31,76774.0,16.4,1978.0,Low,41.88
District_7,2024,Winter,6.04,49048.0,8.1,3704.0,Low,33.79
District_2,2020,Spring,7.28,42473.0,14.7,3439.0,High,28.68
District_9,2022,Fall,5.3,36967.0,11.0,3072.0,High,29.23
District_10,2018,Summer,13.28,49925.0,12.5,2877.0,Low,65.95
District_2,2023,Fall,13.59,76072.0,8.9,2979.0,Low,57.13
District_19,2024,Summer,6.56,28989.0,10.8,4324.0,Low,52.68
District_11,2016,Winter,12.88,45190.0,14.3,4622.0,Low,51.99
District_13,2019,Spring,7.3,74696.0,10.2,1008.0,Low,31.06
District_10,2018,Fall,4.19,40947.0,14.5,3059.0,Low,41.81
District_14,2017,Summer,12.1,66085.0,17.2,4633.0,Low,53.51
District_18,2015,Winter,10.16,43356.0,8.0,1106.0,High,31.29
District_19,2020,Winter,6.29,68296.0,15.9,2358.0,High,16.79
District_9,2018,Summer,6.04,78860.0,14.4,901.0,Low,34.92
District_7,2017,Summer,14.71,43269.0,8.5,1011.0,High,52.9
District_3,2021,Summer,13.35,70706.0,15.9,4568.0,Low,66.06
District_20,2022,Spring,12.72,79305.0,10.2,2508.0,High,51.89
District_6,2022,Summer,4.54,79030.0,10.7,3599.0,Low,48.64
District_2,2016,Summer,12.06,46026.0,8.9,1125.0,Low,45.29
District_6,2016,Spring,5.57,49146.0,13.3,599.0,High,18.6
District_3,2018,Winter,14.73,38204.0,13.0,4507.0,Low,55.32
District_16,2018,Summer,3.63,38841.0,11.5,3085.0,Low,43.8
District_8,2023,Fall,7.23,49548.0,9.7,590.0,Low,42.97
District_2,2015,Winter,8.14,32031.0,16.4,4966.0,High,25.33
District_17,2014,Fall,12.89,62667.0,16.8,2715.0,Low,53.55
District_9,2021,Summer,12.19,52179.0,13.4,2641.0,Low,57.05
District_12,2016,Spring,7.5,73884.0,10.4,3294.0,Low,39.8
District_3,2014,Spring,9.79,68635.0,9.0,536.0,Low,43.46
District_11,2014,Spring,13.03,39348.0,16.7,3061.0,Low,52.44
District_1,2024,Summer,3.22,50348.0,9.0,3333.0,High,37.2
District_13,2015,Summer,12.63,65031.0,8.1,1836.0,High,47.22
District_15,2019,Fall,14.36,31592.0,12.7,3771.0,Low,71.45
District_5,2019,Spring,3.38,21896.0,15.3,2198.0,Low,30.35
District_17,2016,Summer,3.55,71138.0,12.6,3730.0,High,14.92
District_6,2017,Winter,7.13,28253.0,8.5,1147.0,Low,31.51
District_11,2015,Summer,4.05,73365.0,14.9,4612.0,Low,37.54
District_18,2015,Summer,8.75,74816.0,14.4,4458.0,High,41.45
District_4,2020,Winter,11.74,47642.0,14.8,1178.0,High,27.44
District_3,2014,Spring,9.8,68407.0,10.1,4723.0,Low,48.82
District_13,2020,Winter,5.36,41791.0,16.0,3010.0,High,26.1
District_9,2014,Spring,10.86,71496.0,12.8,3657.0,High,45.62
District_6,2019,Winter,11.22,69481.0,13.4,4281.0,High,28.07
District_12,2016,Fall,14.19,24711.0,13.5,876.0,Low,51.73
District_2,2021,Spring,4.76,54956.0,10.9,1262.0,Low,32.17
District_3,2019,Summer,11.31,58400.0,10.5,1807.0,High,43.67
District_3,2024,Fall,13.94,20051.0,8.0,2647.0,High,43.04
District_12,2015,Spring,9.02,78795.0,12.0,2057.0,Low,35.34
District_15,2021,Spring,7.34,44394.0,12.9,2776.0,High,34.84
District_9,2018,Spring,5.05,51041.0,15.4,1337.0,Low,28.11
District_8,2021,Winter,13.4,31688.0,8.7,3570.0,Low,53.14
District_11,2021,Spring,7.73,56655.0,17.2,751.0,Low,27.05
District_16,2019,Summer,14.1,68637.0,10.6,2127.0,High,49.57
District_4,2015,Spring,13.17,55154.0,11.7,1306.0,Low,63.71
District_1,2021,Summer,7.52,67282.0,8.5,3785.0,High,41.76
District_7,2024,Summer,9.89,63866.0,14.5,4476.0,Low,50.42
District_2,2019,Summer,3.33,34259.0,15.1,855.0,Low,39.67
District_5,2019,Fall,6.16,46149.0,17.3,4033.0,High,31.18
District_7,2021,Summer,11.52,28918.0,11.4,4531.0,High,52.67
District_4,2014,Winter,11.13,22516.0,10.6,4883.0,Low,55.63
District_5,2015,Spring,7.24,23784.0,15.3,3107.0,High,31.64
District_1,2022,Winter,12.7,76550.0,15.1,1973.0,Low,40.87
District_1,2024,Fall,5.83,79072.0,17.4,1949.0,Low,19.9
District_15,2021,Spring,8.54,25699.0,10.1,2205.0,High,32.09
District_20,2020,Summer,8.67,40112.0,15.1,3257.0,Low,49.09
District_19,2020,Spring,7.09,26865.0,8.7,2706.0,Low,42.74
District_10,2018,Fall,14.46,70054.0,12.8,3441.0,Low,63.24
District_18,2015,Fall,11.36,49778.0,9.2,677.0,High,33.63
District_3,2024,Winter,9.47,57276.0,14.5,976.0,Low,42.52
District_11,2019,Spring,9.13,52395.0,14.0,4894.0,High,38.87
District_15,2023,Spring,4.91,62615.0,8.5,4979.0,Low,43.99
District_11,2016,Spring,7.47,39148.0,11.2,3860.0,High,38.93
District_17,2017,Winter,11.07,28250.0,12.0,1654.0,Low,43.09
District_17,2023,Fall,14.09,21057.0,10.5,4790.0,High,66.87
District_6,2024,Summer,12.8,46742.0,8.4,1462.0,Low,61.71
District_5,2015,Spring,6.6,74470.0,11.2,3791.0,Low,36.92
District_8,2015,Winter,8.21,38316.0,15.9,1019.0,Low,22.08
District_2,2021,Winter,4.0,31757.0,11.6,3420.0,Low,32.84
District_16,2021,Summer,4.23,75563.0,11.2,3918.0,Low,44.32
District_20,2023,Fall,8.64,26327.0,17.4,4368.0,Low,42.01
District_12,2019,Spring,9.36,23108.0,8.4,3804.0,Low,55.03
District_6,2018,Spring,6.17,72765.0,15.7,4656.0,Low,41.63
District_1,2021,Winter,10.71,62055.0,12.8,2844.0,High,25.92
District_4,2017,Fall,11.44,45324.0,17.4,3548.0,Low,45.7
District_17,2024,Spring,6.59,65141.0,11.9,2163.0,Low,34.5
District_13,2017,Summer,12.1,64486.0,15.1,547.0,Low,53.72
District_18,2018,Fall,5.47,22404.0,8.7,3905.0,Low,52.92
District_5,2014,Fall,9.53,60575.0,17.3,4414.0,Low,52.28
District_3,2014,Winter,12.65,58452.0,11.4,1283.0,Low,37.29
District_11,2015,Winter,9.44,77827.0,13.2,629.0,High,14.29
District_13,2021,Spring,13.9,77997.0,9.4,1240.0,High,40.48
District_4,2020,Winter,3.7,42668.0,17.5,4529.0,High,14.45
District_14,2023,Fall,10.06,55391.0,14.7,1830.0,Low,38.72
District_11,2022,Spring,9.74,28481.0,8.5,1552.0,High,42.6
District_10,2018,Spring,10.92,23987.0,9.6,566.0,Low,41.71
District_19,2015,Fall,13.0,45967.0,12.0,1837.0,High,44.87
District_18,2020,Spring,11.71,61393.0,10.2,3720.0,High,53.37
District_6,2021,Summer,12.48,54066.0,11.0,4816.0,Low,66.89
District_15,2020,Summer,6.47,45779.0,18.0,1907.0,Low,32.88
District_10,2020,Spring,7.65,69087.0,14.6,1583.0,High,16.52
District_5,2018,Winter,10.52,67666.0,17.2,4496.0,Low,41.22
District_5,2015,Summer,9.64,63917.0,12.4,4336.0,High,53.85
District_10,2019,Spring,14.53,24622.0,15.1,1977.0,Low,58.53
District_5,2017,Summer,5.24,67788.0,12.6,810.0,High,21.09
District_3,2023,Winter,7.22,75165.0,11.3,4964.0,Low,33.56
District_6,2015,Fall,9.87,23567.0,13.2,3563.0,High,36.26
District_4,2022,Spring,13.42,44100.0,12.3,4670.0,Low,64.02
District_18,2020,Spring,14.15,79301.0,17.8,2038.0,High,27.79
District_9,2019,Spring,7.03,55954.0,13.0,3415.0,Low,45.05
District_17,2018,Spring,3.81,50815.0,16.1,3535.0,High,23.52
District_13,2016,Spring,8.06,30647.0,14.7,4428.0,Low,47.09
District_15,2023,Spring,7.73,53929.0,12.8,4969.0,Low,50.59
District_20,2023,Winter,14.84,46343.0,12.7,989.0,Low,48.23
District_17,2017,Fall,8.17,27647.0,11.4,3340.0,Low,53.08
District_13,2016,Winter,6.67,47860.0,9.1,2014.0,Low,37.94
District_16,2024,Winter,7.38,29864.0,15.6,4152.0,Low,36.55
District_4,2021,Fall,7.76,63840.0,17.2,3894.0,Low,32.85
District_5,2016,Winter,12.86,78419.0,10.2,4516.0,Low,62.04
District_5,2020,Summer,3.97,48175.0,17.3,2047.0,Low,30.52
District_9,2020,Winter,6.8,57942.0,10.3,1330.0,High,16.83
District_17,2020,Spring,14.6,45859.0,13.3,598.0,High,44.32
District_13,2020,Summer,4.84,28307.0,11.4,1650.0,Low,40.39
District_2,2015,Summer,11.91,78233.0,9.1,2152.0,Low,49.06
District_13,2023,Fall,7.28,27775.0,8.5,4757.0,Low,48.81
District_19,2016,Winter,9.98,26698.0,11.7,2711.0,High,29.98
District_3,2023,Winter,4.19,47550.0,8.5,3004.0,Low,32.68
District_10,2022,Summer,6.68,59533.0,9.0,4461.0,Low,48.62
District_2,2016,Winter,9.01,41295.0,9.4,4483.0,High,42.03
District_13,2015,Winter,5.78,31551.0,8.0,2876.0,Low,36.55
District_19,2022,Fall,9.5,69138.0,9.5,1012.0,Low,41.49
District_17,2023,Summer,5.64,41786.0,13.8,1717.0,High,29.5
District_14,2022,Spring,10.8,31659.0,16.2,2556.0,Low,42.53
District_12,2017,Summer,13.85,41905.0,9.9,3880.0,Low,76.43
District_12,2022,Fall,4.03,32873.0,8.8,3703.0,High,33.98
District_11,2016,Fall,5.6,51167.0,15.3,3392.0,High,25.34
District_7,2020,Fall,13.13,60097.0,8.1,4461.0,High,51.47
District_4,2020,Winter,10.58,67973.0,15.3,4112.0,High,27.5
District_19,2024,Summer,3.94,33654.0,9.3,4920.0,Low,44.47
District_1,2021,Winter,8.84,30017.0,10.3,4501.0,High,31.15
District_3,2023,Winter,5.52,21176.0,9.2,1380.0,Low,25.9
District_13,2017,Summer,5.39,33685.0,10.5,759.0,High,35.54
District_15,2016,Fall,14.29,21434.0,16.0,2365.0,Low,54.79
District_2,2016,Spring,12.14,40728.0,9.3,3279.0,High,43.37
District_11,2018,Spring,11.35,28742.0,17.9,3394.0,Low,56.76
District_4,2024,Summer,5.87,54794.0,11.3,1704.0,High,30.59
District_19,2014,Summer,4.42,43024.0,17.2,4369.0,High,24.62
District_17,2023,Fall,13.45,25615.0,9.9,1982.0,High,53.68
District_3,2016,Summer,3.07,43992.0,9.9,4636.0,High,42.37
District_18,2019,Summer,7.66,32561.0,13.7,2622.0,High,41.86
District_8,2016,Fall,6.33,60811.0,8.5,547.0,Low,35.53
District_19,2018,Fall,9.84,41866.0,16.0,1229.0,High,33.35
District_5,2022,Winter,6.01,28822.0,12.4,960.0,Low,34.15
District_7,2015,Summer,6.73,40976.0,15.0,698.0,Low,46.43
District_8,2024,Spring,13.2,33463.0,9.7,3713.0,Low,58.62
District_5,2015,Summer,10.24,67747.0,14.4,1365.0,Low,45.22
District_17,2019,Spring,4.75,79002.0,13.9,4274.0,Low,35.92
District_5,2019,Spring,11.72,21529.0,15.6,1690.0,Low,50.44
District_4,2024,Spring,5.49,61401.0,11.0,645.0,High,22.12
District_19,2024,Winter,8.2,35837.0,17.3,4193.0,Low,48.41
District_2,2021,Fall,10.76,23985.0,17.6,2598.0,Low,47.17
District_11,2024,Fall,6.26,20861.0,16.7,3198.0,High,23.38
District_13,2015,Winter,7.61,72861.0,13.7,2013.0,Low,36.66
District_15,2022,Fall,11.81,41216.0,12.2,707.0,High,47.1
District_12,2015,Winter,14.25,79673.0,8.6,2166.0,High,41.32
District_11,2014,Summer,9.35,46543.0,17.5,2832.0,Low,44.94
District_7,2023,Winter,3.12,31256.0,17.5,553.0,High,8.54
District_5,2015,Fall,7.06,66629.0,8.2,3084.0,High,33.89
District_17,2020,Fall,7.78,75590.0,11.6,4519.0,High,33.56
District_20,2021,Summer,7.07,68937.0,16.8,1480.0,High,21.59
District_9,2018,Winter,8.24,64712.0,8.8,4670.0,High,33.0
District_14,2019,Summer,10.59,40082.0,10.0,939.0,High,46.05
District_12,2014,Spring,4.45,23869.0,17.8,4214.0,High,27.23
District_6,2019,Winter,6.27,32078.0,16.5,4281.0,High,28.66
District_17,2021,Summer,9.09,46809.0,17.1,1660.0,High,32.47
District_19,2016,Summer,6.79,77372.0,9.4,4810.0,Low,48.28
District_19,2024,Fall,14.89,63371.0,10.1,2375.0,High,51.67
District_16,2014,Winter,8.18,69697.0,14.1,1136.0,Low,26.77
District_12,2024,Spring,13.44,36638.0,13.0,3163.0,Low,65.99
District_12,2017,Spring,13.76,61029.0,11.0,4985.0,Low,61.48
District_20,2014,Winter,13.03,71746.0,16.8,4547.0,Low,43.11
District_6,2021,Winter,3.56,48765.0,17.0,1754.0,High,6.0
District_4,2018,Summer,14.37,45794.0,10.9,3096.0,Low,65.37
District_6,2014,Fall,4.54,63164.0,9.6,1019.0,High,17.24
District_11,2021,Fall,3.41,53595.0,9.5,2578.0,High,15.58
District_1,2022,Fall,7.97,79590.0,12.8,2854.0,High,22.94
District_15,2023,Winter,5.34,45506.0,9.3,1919.0,Low,29.34
District_11,2015,Fall,5.21,30557.0,12.7,2679.0,Low,32.21
District_19,2022,Summer,6.45,48316.0,12.6,4640.0,Low,53.01
District_18,2021,Winter,5.98,34112.0,16.8,2751.0,Low,30.1
District_17,2020,Winter,11.22,53675.0,11.0,4239.0,Low,45.4
District_19,2016,Fall,5.24,27548.0,13.6,1928.0,High,25.89
District_14,2015,Spring,9.52,76999.0,15.4,4871.0,Low,44.46
District_18,2020,Spring,14.84,71589.0,14.0,921.0,Low,40.13
District_19,2018,Summer,8.19,29334.0,17.5,3135.0,Low,50.16
District_15,2019,Fall,10.7,30344.0,14.0,4054.0,High,42.36
District_15,2017,Fall,14.63,50746.0,17.0,4163.0,Low,54.57
District_4,2015,Winter,4.65,66373.0,10.5,1392.0,High,15.79
District_7,2022,Winter,8.02,33145.0,13.6,2307.0,High,26.62
District_13,2016,Fall,13.2,23658.0,13.4,3309.0,Low,65.51
District_3,2020,Winter,14.19,52732.0,17.9,1921.0,High,31.84
District_16,2021,Fall,10.21,61496.0,10.0,3462.0,High,42.73
District_9,2015,Summer,4.72,34662.0,9.4,2205.0,Low,47.8
District_8,2019,Winter,13.82,64386.0,14.1,2079.0,Low,52.39
District_20,2024,Fall,5.09,77039.0,10.2,986.0,High,17.34
District_13,2021,Winter,7.23,28224.0,14.4,677.0,High,19.73
District_17,2020,Summer,7.51,50662.0,17.7,4259.0,Low,49.09
District_17,2024,Winter,8.37,23411.0,17.5,2703.0,High,27.88
District_17,2016,Fall,12.48,32400.0,10.3,3033.0,Low,57.57
District_1,2014,Winter,12.63,25389.0,9.7,2175.0,Low,51.01
District_8,2019,Winter,11.64,44240.0,13.6,1115.0,Low,42.01
District_19,2021,Fall,3.27,69250.0,13.9,2523.0,High,17.36
District_6,2019,Spring,9.78,54628.0,14.6,1530.0,High,39.79
District_3,2018,Winter,11.97,33355.0,15.4,4270.0,Low,47.77
District_5,2024,Winter,8.34,22407.0,14.0,4941.0,Low,41.29
District_13,2021,Summer,14.34,53204.0,9.1,4501.0,Low,74.68
District_15,2015,Spring,12.89,27968.0,15.9,2877.0,High,40.06
District_14,2014,Summer,10.66,40564.0,8.8,3327.0,High,49.45
District_16,2014,Fall,3.75,50612.0,8.2,4767.0,High,33.28
District_18,2017,Fall,10.83,74224.0,15.7,2924.0,Low,43.85
District_11,2019,Summer,13.94,24909.0,13.5,3374.0,Low,67.45
District_3,2022,Winter,7.55,60116.0,15.0,3332.0,High,19.06
District_10,2014,Spring,13.06,20845.0,11.8,3687.0,Low,64.6
District_10,2014,Summer,6.76,57795.0,8.1,3381.0,Low,61.12
District_16,2018,Summer,9.84,53092.0,11.3,3518.0,Low,60.03
District_12,2023,Fall,10.78,68712.0,14.1,3767.0,Low,39.65
District_2,2018,Winter,11.14,51900.0,10.3,4141.0,Low,47.18
District_9,2018,Spring,13.59,41157.0,14.9,2314.0,Low,56.53
District_3,2023,Summer,5.82,34565.0,15.9,3856.0,Low,37.5
District_15,2019,Spring,6.15,25115.0,12.5,951.0,Low,23.81
District_3,2021,Spring,11.45,52077.0,16.8,4443.0,Low,47.76
District_19,2016,Summer,5.13,73299.0,16.5,1805.0,High,16.64
District_18,2022,Spring,8.57,50885.0,16.8,2316.0,Low,46.16
District_8,2014,Fall,3.24,64346.0,14.6,4116.0,High,22.96
District_17,2017,Winter,4.69,37906.0,11.0,3366.0,Low,31.37
District_8,2022,Winter,11.15,46888.0,12.8,1889.0,High,29.11
District_7,2021,Winter,11.97,39476.0,15.1,1514.0,High,32.69
District_7,2023,Fall,4.38,26556.0,10.1,4810.0,High,37.29
District_3,2022,Fall,5.73,45019.0,15.4,895.0,High,22.12
District_1,2014,Fall,4.19,65857.0,13.5,520.0,High,15.28
District_4,2022,Winter,8.2,43698.0,9.0,3528.0,High,37.77
District_5,2016,Spring,4.51,59011.0,13.6,3265.0,High,22.82
District_1,2024,Fall,8.25,65517.0,8.7,3819.0,High,42.47
District_15,2023,Summer,11.79,39364.0,8.1,3792.0,Low,68.58
District_5,2022,Fall,11.2,67851.0,16.9,4385.0,High,40.09
District_13,2014,Summer,6.37,40336.0,12.9,4649.0,Low,48.91
District_8,2014,Winter,11.09,35366.0,13.4,3988.0,Low,47.61
District_8,2022,Summer,14.13,33347.0,10.8,1545.0,High,53.93
District_5,2024,Fall,7.17,31994.0,13.4,2586.0,High,37.85
District_9,2019,Fall,6.95,64227.0,9.7,3388.0,High,34.39
District_1,2017,Spring,9.86,73251.0,15.5,2927.0,Low,36.46
District_4,2020,Winter,5.95,33839.0,16.2,1215.0,Low,16.47
District_3,2018,Summer,10.82,25114.0,16.6,3152.0,High,40.49
District_2,2023,Winter,12.99,38826.0,9.1,4489.0,High,44.6
District_8,2020,Fall,8.51,59471.0,13.6,2383.0,Low,43.24
District_9,2021,Spring,11.15,42111.0,16.1,3510.0,High,36.92
District_2,2021,Fall,10.82,52951.0,9.3,3272.0,Low,60.78
District_14,2014,Fall,3.46,64658.0,9.0,2197.0,High,15.42
District_14,2021,Fall,5.2,44509.0,16.2,3044.0,High,27.6
District_4,2019,Summer,13.72,79982.0,16.0,1446.0,High,31.36
District_6,2017,Fall,14.27,37877.0,12.5,2957.0,Low,55.78
District_11,2021,Winter,12.37,78695.0,9.1,4095.0,High,34.33
District_3,2016,Winter,14.05,32182.0,13.2,3915.0,High,40.87
District_8,2017,Spring,6.67,26656.0,11.9,2111.0,High,27.88
District_3,2019,Winter,5.97,65050.0,13.2,1004.0,High,15.93
District_14,2024,Fall,7.61,62139.0,12.4,4100.0,Low,48.2
District_13,2020,Fall,3.66,68670.0,13.7,1693.0,High,10.22
District_13,2017,Winter,12.72,40615.0,15.3,739.0,Low,38.67
District_2,2017,Spring,14.81,75848.0,15.7,2503.0,High,43.68
District_13,2020,Spring,12.89,27169.0,14.5,3828.0,Low,58.21
District_19,2019,Winter,9.66,21817.0,10.0,4138.0,Low,58.19
District_6,2024,Summer,6.54,38034.0,12.0,4920.0,Low,55.35
District_16,2021,Summer,5.37,67839.0,8.7,1352.0,Low,34.28
District_2,2014,Summer,7.37,60379.0,12.5,1822.0,High,28.5
District_8,2023,Summer,11.0,46173.0,17.7,3243.0,Low,47.77
District_17,2024,Winter,8.36,35375.0,14.4,4151.0,Low,37.15
District_2,2020,Spring,14.21,23556.0,9.5,1553.0,High,51.21
District_10,2020,Fall,13.25,40250.0,10.7,2345.0,High,47.26
District_16,2024,Fall,4.23,47601.0,8.6,2338.0,High,24.45
District_6,2020,Winter,4.58,61221.0,9.8,3978.0,Low,34.28
District_2,2020,Fall,11.11,58758.0,12.9,1584.0,High,37.56
District_2,2023,Summer,5.77,76841.0,11.4,4859.0,Low,38.13
District_13,2023,Spring,12.49,26024.0,10.0,2797.0,High,43.31
District_15,2021,Winter,10.1,40180.0,9.5,1769.0,Low,37.13
District_2,2022,Spring,5.76,48895.0,14.6,1779.0,Low,27.8
District_7,2022,Winter,8.74,60242.0,13.6,582.0,Low,24.79
District_3,2015,Winter,7.87,49727.0,16.4,3616.0,High,21.63
District_8,2020,Winter,13.48,74765.0,9.8,3992.0,Low,53.4
District_14,2020,Winter,3.39,56520.0,16.5,646.0,Low,6.82
District_7,2017,Spring,13.75,22380.0,13.8,3137.0,Low,56.83
District_7,2022,Fall,10.82,26819.0,10.7,4018.0,Low,51.51
District_1,2021,Winter,11.85,65210.0,10.7,2193.0,Low,38.08
District_17,2014,Summer,3.03,62947.0,11.9,2447.0,Low,32.54
District_9,2015,Winter,10.54,29210.0,12.6,2127.0,Low,38.26
District_13,2015,Spring,10.06,23535.0,8.8,1920.0,Low,47.4
District_19,2024,Winter,9.45,54723.0,16.4,2710.0,Low,31.56
District_19,2021,Summer,12.43,58144.0,9.2,1247.0,Low,58.06
District_17,2014,Spring,9.67,28118.0,12.8,2483.0,Low,43.98
District_10,2017,Winter,13.29,48417.0,11.8,4738.0,High,50.44
District_10,2023,Summer,5.79,38350.0,13.1,623.0,Low,33.24
District_4,2018,Spring,12.67,75878.0,16.9,1241.0,High,29.06
District_8,2022,Winter,5.15,33152.0,17.9,4000.0,High,24.8
District_20,2020,Summer,12.76,63996.0,8.2,1094.0,High,50.25
District_20,2021,Spring,14.29,51088.0,11.9,1721.0,High,44.59
District_18,2024,Winter,7.03,20691.0,16.2,2547.0,Low,34.79
District_14,2022,Spring,9.36,51020.0,11.3,4744.0,High,36.37
District_18,2020,Summer,10.9,25968.0,14.5,1326.0,Low,61.87
District_14,2018,Winter,3.95,59544.0,17.9,4654.0,High,7.92
District_20,2018,Winter,8.93,53931.0,14.5,3733.0,Low,39.01
District_15,2023,Winter,7.33,20626.0,9.1,3520.0,Low,49.29
District_4,2024,Summer,13.47,32282.0,16.4,3756.0,High,54.98
District_13,2019,Fall,13.52,66574.0,17.7,641.0,High,32.81
District_8,2018,Winter,11.41,36546.0,15.1,945.0,Low,43.38
District_18,2024,Summer,10.87,49957.0,12.2,2007.0,Low,56.61
District_12,2022,Spring,11.8,38720.0,17.5,833.0,High,30.28
District_14,2016,Spring,7.39,75292.0,17.7,4944.0,Low,46.04
District_2,2016,Summer,7.85,52195.0,17.4,3112.0,Low,40.07
District_18,2020,Fall,9.64,61770.0,12.1,2693.0,High,43.93
District_2,2020,Summer,14.26,25009.0,15.9,4035.0,Low,71.06
District_11,2019,Spring,11.69,22420.0,14.5,4896.0,High,48.04
District_9,2016,Spring,9.61,35554.0,9.8,4798.0,Low,52.19
District_12,2020,Winter,12.24,38548.0,13.4,4069.0,Low,51.48
District_17,2018,Fall,7.45,61261.0,15.5,2197.0,High,22.46
District_15,2020,Summer,11.77,54148.0,17.0,797.0,High,37.26
District_17,2015,Spring,7.93,42475.0,16.6,943.0,High,27.47
District_18,2019,Spring,6.36,59247.0,9.5,505.0,Low,37.39
District_6,2021,Spring,10.32,29814.0,12.9,509.0,Low,50.91
District_17,2014,Summer,11.24,23809.0,12.8,4714.0,Low,60.77
District_18,2017,Summer,8.51,71270.0,17.0,4672.0,Low,48.82
District_8,2024,Fall,9.79,53837.0,8.0,3504.0,Low,46.81
District_9,2014,Winter,11.33,58946.0,15.4,3770.0,High,32.42
District_6,2014,Winter,12.21,38435.0,14.2,2809.0,Low,38.24
District_5,2023,Winter,13.75,42317.0,17.2,1570.0,Low,53.11
District_12,2024,Spring,7.25,24942.0,12.6,4615.0,High,46.14
District_11,2021,Winter,14.42,71419.0,14.6,1750.0,High,25.29
District_1,2020,Spring,10.65,55546.0,17.7,3829.0,Low,42.91
District_11,2023,Fall,12.45,25018.0,15.4,1604.0,High,45.37
District_19,2014,Spring,11.4,68272.0,8.7,4416.0,Low,58.0
District_9,2024,Fall,5.47,46647.0,9.7,3431.0,High,32.38
District_2,2015,Fall,3.86,65906.0,16.2,3392.0,Low,29.98
District_12,2017,Winter,11.72,20757.0,11.3,938.0,High,38.91
District_4,2014,Winter,9.13,21724.0,15.1,2388.0,Low,48.73
District_4,2016,Spring,11.43,30247.0,15.0,2862.0,Low,45.95
District_18,2021,Summer,8.72,32655.0,17.9,1823.0,High,33.42
District_15,2021,Winter,6.75,65837.0,12.7,4464.0,High,15.69
District_19,2021,Winter,6.42,62402.0,15.4,4270.0,High,20.86
District_13,2019,Summer,11.77,56965.0,8.5,2721.0,Low,68.75
District_19,2019,Summer,6.32,73092.0,12.6,2030.0,Low,40.67
District_17,2018,Winter,11.58,34829.0,9.9,4107.0,Low,57.03
District_6,2022,Summer,7.61,74264.0,16.4,1386.0,High,26.54
District_16,2017,Spring,12.25,74568.0,16.4,822.0,Low,35.92
District_12,2023,Fall,4.71,46056.0,10.4,706.0,Low,23.96
District_19,2020,Fall,5.46,25663.0,11.2,674.0,Low,42.89
District_5,2014,Winter,11.23,63594.0,15.0,2700.0,High,26.38
District_17,2022,Winter,9.72,40216.0,15.4,1649.0,Low,33.93
District_1,2020,Spring,5.45,67696.0,14.6,3607.0,Low,23.9
District_10,2023,Summer,13.83,29821.0,18.0,3443.0,Low,59.24
District_15,2022,Winter,6.31,52371.0,16.7,2939.0,High,17.71
District_11,2020,Fall,8.05,50484.0,12.2,2088.0,High,33.36
District_13,2015,Spring,5.43,26019.0,11.3,4327.0,Low,53.42
District_5,2019,Spring,7.66,41800.0,14.0,3694.0,High,32.72
District_1,2023,Summer,8.9,25085.0,16.2,1722.0,High,36.94
District_12,2024,Winter,6.54,47884.0,12.8,2758.0,Low,39.3
District_11,2017,Winter,12.23,70574.0,15.4,1203.0,Low,41.09
District_17,2016,Spring,7.73,36212.0,8.2,1979.0,Low,38.59
District_4,2015,Fall,11.75,65892.0,17.3,4987.0,High,49.45
District_15,2019,Winter,5.48,31006.0,15.7,1507.0,Low,16.82
District_9,2021,Fall,7.52,60424.0,11.9,3642.0,High,36.09
District_20,2019,Spring,3.1,74932.0,11.8,1573.0,High,17.14
District_19,2022,Winter,12.1,39436.0,9.0,4722.0,High,47.42
District_19,2018,Fall,10.51,74025.0,16.2,1896.0,Low,37.82
District_12,2015,Spring,12.81,50325.0,15.7,2060.0,Low,46.74
District_5,2021,Fall,8.47,39008.0,14.3,3172.0,Low,33.17
District_10,2022,Winter,12.6,73790.0,9.0,3147.0,High,38.61
District_17,2023,Summer,10.77,21922.0,10.6,3106.0,Low,62.5
District_5,2017,Fall,3.04,21681.0,12.6,3080.0,High,33.53
District_16,2019,Summer,6.04,55990.0,10.7,1905.0,High,30.41
District_7,2024,Winter,8.93,67805.0,12.3,2455.0,Low,31.54
District_9,2023,Summer,10.42,65093.0,10.3,3170.0,High,42.98
District_3,2021,Spring,3.79,24768.0,11.5,3521.0,Low,34.62
District_15,2022,Summer,11.46,77015.0,14.5,1639.0,Low,45.22
District_16,2018,Fall,9.52,62184.0,16.9,3657.0,High,28.37
District_18,2019,Fall,9.31,76947.0,11.9,4655.0,Low,51.91
District_14,2024,Summer,6.5,39746.0,14.9,3911.0,Low,49.11
District_3,2017,Spring,10.14,61636.0,9.3,879.0,High,26.12
District_12,2018,Winter,3.33,71596.0,13.4,2611.0,Low,19.48
District_9,2020,Summer,3.78,42828.0,17.2,2459.0,Low,38.75
District_7,2022,Fall,11.81,77892.0,8.3,2014.0,Low,55.88
District_9,2023,Fall,6.86,35900.0,10.7,2711.0,Low,39.03
District_13,2024,Summer,7.16,38937.0,9.3,2478.0,Low,56.84
District_18,2019,Summer,5.5,75220.0,13.3,528.0,Low,28.07
District_5,2019,Summer,8.35,78180.0,14.8,1564.0,Low,39.15
District_13,2021,Winter,3.62,37112.0,8.6,1462.0,Low,24.54
District_4,2024,Fall,6.6,28183.0,8.7,2072.0,High,28.78
District_2,2017,Fall,9.33,65543.0,16.7,1285.0,Low,31.74
District_16,2016,Fall,8.59,75780.0,12.6,805.0,High,31.18
District_9,2020,Winter,15.0,56043.0,12.6,1385.0,Low,53.97
District_9,2018,Spring,7.67,58071.0,17.4,4344.0,High,33.44
District_6,2015,Fall,7.64,65777.0,11.2,4087.0,High,34.17
District_11,2015,Fall,9.04,29185.0,17.0,2489.0,High,42.73
District_1,2024,Spring,5.28,78408.0,17.7,4450.0,High,26.0
District_4,2019,Winter,13.52,41860.0,10.4,1547.0,High,38.15
District_13,2021,Spring,9.87,57694.0,13.1,3129.0,High,26.49
District_13,2014,Spring,5.31,48117.0,13.3,1143.0,Low,34.44
District_13,2024,Spring,12.52,48091.0,16.7,4250.0,Low,60.39
District_2,2019,Spring,3.41,62165.0,11.0,1088.0,Low,27.57
District_9,2015,Winter,14.79,79680.0,16.0,643.0,Low,28.42
District_8,2015,Winter,13.38,59544.0,17.7,1730.0,Low,40.0
District_7,2020,Spring,9.96,67644.0,16.4,4554.0,Low,56.88
District_4,2023,Summer,4.34,21657.0,17.1,1083.0,High,22.98
District_18,2014,Summer,5.58,68626.0,15.1,1988.0,High,34.36
District_3,2019,Summer,6.35,37999.0,17.0,1924.0,High,32.43
District_6,2020,Summer,5.89,27602.0,9.6,4107.0,Low,53.5
District_12,2021,Fall,8.97,26800.0,15.1,2397.0,High,42.49
District_12,2020,Winter,14.33,60792.0,15.3,3252.0,Low,45.11
District_8,2019,Winter,8.33,79857.0,12.4,2320.0,High,14.23
District_1,2022,Spring,10.94,59972.0,8.8,2982.0,High,36.42
District_4,2016,Fall,11.26,35741.0,14.2,781.0,Low,46.95
District_11,2024,Spring,13.46,32198.0,8.5,2183.0,High,53.08
District_3,2019,Spring,3.41,51557.0,11.8,4348.0,Low,32.59
District_13,2017,Winter,7.85,23902.0,11.9,3610.0,Low,48.04
District_17,2015,Fall,12.42,43960.0,18.0,4918.0,High,46.66
District_10,2014,Summer,12.78,59974.0,11.0,4046.0,Low,68.24
District_12,2014,Winter,14.13,78060.0,16.2,2532.0,High,28.59
District_15,2024,Fall,11.43,45539.0,8.5,3543.0,Low,57.94
District_10,2023,Fall,5.94,32013.0,13.3,3992.0,Low,34.9
District_14,2016,Winter,9.07,69042.0,13.4,1714.0,High,19.68
District_13,2017,Winter,3.39,64652.0,14.3,770.0,Low,14.92
District_5,2015,Spring,10.76,71582.0,16.1,2326.0,High,28.25
District_6,2024,Spring,9.65,32883.0,15.6,1151.0,High,30.73
District_2,2024,Spring,11.0,44290.0,15.6,1748.0,Low,45.69
District_17,2024,Summer,14.16,78893.0,12.3,4761.0,Low,62.86
District_4,2014,Winter,11.25,29483.0,15.3,4312.0,Low,47.03
District_14,2017,Fall,6.85,60287.0,12.9,3166.0,Low,36.0
District_10,2020,Winter,5.38,34231.0,8.7,2306.0,Low,28.87
District_3,2023,Fall,13.26,50010.0,16.9,1689.0,Low,54.95
District_3,2024,Summer,5.33,68031.0,16.9,3072.0,Low,28.29
District_15,2019,Winter,4.94,49315.0,11.2,2899.0,Low,33.69
District_6,2019,Fall,5.48,68329.0,17.1,4014.0,High,16.53
District_17,2024,Fall,9.11,45580.0,15.6,4676.0,Low,56.93
District_12,2022,Spring,4.49,79961.0,12.0,1980.0,Low,30.04
District_20,2015,Summer,14.26,46150.0,11.3,1428.0,Low,59.82
District_11,2017,Winter,14.6,28963.0,17.8,2313.0,High,43.05
District_4,2018,Spring,14.69,44112.0,15.1,2469.0,Low,61.81
District_6,2014,Summer,3.47,64556.0,11.8,679.0,Low,32.13
District_1,2021,Spring,14.35,70876.0,14.4,4378.0,Low,60.34
District_20,2021,Winter,14.97,47606.0,13.7,4980.0,Low,59.63
District_16,2019,Fall,14.31,55669.0,13.2,4654.0,Low,70.22
District_15,2018,Winter,11.05,70693.0,14.4,4373.0,Low,42.57
District_17,2021,Summer,11.41,68813.0,13.4,4967.0,Low,60.34
District_8,2016,Winter,4.47,59463.0,14.5,4585.0,High,22.77
District_12,2016,Summer,13.49,68902.0,17.1,3598.0,Low,55.52
District_10,2015,Spring,3.72,54555.0,17.9,1250.0,High,16.42
District_15,2018,Summer,6.81,20279.0,15.1,1204.0,High,36.97
District_9,2016,Fall,14.89,22476.0,17.3,720.0,Low,67.97
District_2,2016,Fall,8.07,78789.0,16.6,2353.0,High,23.21
District_5,2019,Fall,4.57,28700.0,11.0,4140.0,Low,46.59
District_6,2021,Spring,14.63,44271.0,17.3,2706.0,Low,57.06
District_7,2015,Summer,14.81,76029.0,8.7,2148.0,Low,67.41
District_1,2017,Spring,5.24,31702.0,11.3,992.0,High,23.68
District_7,2024,Winter,13.38,70627.0,14.4,733.0,High,29.97
District_20,2020,Winter,7.69,69096.0,13.3,2296.0,High,20.19
District_12,2014,Winter,7.58,79180.0,13.4,950.0,High,17.79
District_16,2014,Winter,6.15,36901.0,15.9,966.0,Low,14.19
District_16,2023,Fall,3.54,38920.0,9.9,2279.0,Low,33.7
District_11,2020,Summer,6.22,74173.0,17.8,2763.0,Low,45.49
District_4,2020,Fall,3.65,34045.0,12.4,1340.0,Low,38.36
District_13,2014,Summer,14.09,52874.0,17.5,3581.0,Low,62.06
District_7,2014,Summer,10.94,62441.0,11.8,2384.0,Low,56.27
District_4,2017,Spring,13.64,36313.0,14.0,914.0,High,43.97
District_15,2018,Winter,11.61,76305.0,12.5,3367.0,Low,45.32
District_19,2018,Summer,4.58,59942.0,14.8,2106.0,High,19.62
District_9,2017,Winter,14.29,22828.0,9.8,735.0,Low,48.34
District_11,2021,Winter,13.8,28144.0,12.0,4766.0,High,46.31
District_8,2020,Winter,7.18,31447.0,8.7,3070.0,Low,38.53
District_1,2022,Fall,4.34,34697.0,14.0,2650.0,High,32.48
District_8,2020,Winter,11.45,63841.0,17.6,4366.0,High,25.69
District_13,2023,Summer,11.74,25336.0,8.5,4715.0,Low,81.06
District_4,2014,Fall,13.76,41036.0,14.6,1491.0,High,45.15
District_8,2020,Winter,3.63,74683.0,15.8,4146.0,High,5.73
District_3,2014,Spring,4.7,53400.0,10.1,4240.0,High,27.48
District_9,2020,Winter,10.18,35930.0,10.7,745.0,High,30.75
District_2,2023,Winter,10.43,77423.0,10.0,3704.0,Low,36.09
District_2,2021,Fall,3.4,34659.0,11.0,783.0,Low,27.94
District_13,2024,Summer,7.76,74306.0,9.1,3176.0,Low,43.0
District_15,2022,Winter,10.01,63546.0,11.7,3512.0,High,34.5
District_12,2016,Fall,11.85,64431.0,11.7,2152.0,High,34.13
District_4,2017,Fall,6.79,65896.0,16.1,4464.0,Low,31.88
District_8,2017,Summer,8.81,50394.0,16.0,4102.0,High,48.08
District_9,2022,Fall,12.77,68875.0,16.0,4667.0,High,43.1
District_5,2020,Summer,14.45,70172.0,13.7,1917.0,Low,55.71
District_20,2016,Spring,5.76,41629.0,11.3,597.0,Low,35.05
District_18,2023,Winter,6.04,44021.0,12.1,4152.0,High,25.69
District_11,2018,Fall,14.28,73325.0,11.2,1503.0,High,38.92
District_15,2020,Spring,7.75,51484.0,13.8,2602.0,Low,36.59
District_9,2021,Fall,11.62,72017.0,17.4,4178.0,High,41.99
District_17,2014,Fall,10.35,57606.0,10.8,1473.0,Low,40.98
District_12,2015,Spring,6.43,55614.0,12.6,1904.0,Low,34.67
District_7,2020,Fall,10.84,21859.0,14.6,2476.0,Low,60.04
District_10,2024,Fall,10.87,36674.0,16.4,1723.0,High,33.9
District_10,2015,Spring,10.11,50123.0,10.5,2576.0,High,45.11
District_13,2020,Fall,4.2,55239.0,10.8,543.0,Low,22.98
District_19,2022,Summer,14.94,57826.0,16.9,1455.0,High,47.12
District_11,2024,Fall,7.8,62973.0,8.8,4246.0,High,45.23
District_13,2015,Winter,10.66,59374.0,14.1,2361.0,High,24.92
District_8,2020,Fall,13.63,70915.0,16.6,3364.0,High,51.51
District_8,2017,Winter,8.08,37728.0,17.2,1545.0,Low,28.69
District_4,2024,Winter,12.29,58494.0,8.1,3424.0,Low,45.28
District_15,2015,Fall,14.66,23070.0,11.7,5000.0,Low,76.52
District_11,2020,Spring,7.31,48811.0,10.6,3179.0,Low,51.84
District_11,2018,Summer,7.86,36082.0,13.7,3328.0,High,34.31
District_1,2014,Summer,13.87,42853.0,14.3,1002.0,Low,59.12
District_17,2018,Fall,4.92,41280.0,18.0,2315.0,High,16.68
District_15,2016,Spring,3.34,23626.0,13.1,4373.0,High,23.7
District_20,2020,Spring,13.91,47999.0,13.5,4254.0,High,46.4
District_6,2019,Summer,12.86,79678.0,12.1,2851.0,Low,57.66
District_15,2021,Spring,14.67,37936.0,9.5,4566.0,High,65.67
District_9,2018,Fall,3.7,64169.0,11.0,1143.0,Low,26.71
District_14,2015,Fall,4.87,52867.0,10.5,3462.0,Low,41.27
District_18,2022,Spring,4.26,39514.0,16.0,1620.0,High,14.81
District_17,2024,Fall,11.2,25376.0,13.5,3405.0,Low,55.32
District_18,2021,Winter,10.27,32951.0,11.0,893.0,Low,35.11
District_5,2019,Summer,7.31,66911.0,12.9,4746.0,Low,40.54
District_20,2023,Fall,3.69,36741.0,10.2,4038.0,Low,38.08
District_20,2020,Spring,10.68,28658.0,9.9,1404.0,High,46.4
District_9,2022,Summer,9.84,39878.0,16.6,3368.0,High,29.65
District_11,2020,Fall,4.35,55043.0,17.4,3916.0,High,27.44
District_1,2016,Summer,13.91,62208.0,8.8,1443.0,Low,62.61
District_18,2019,Spring,5.39,43242.0,15.6,920.0,High,17.4
District_6,2024,Winter,11.92,49889.0,12.5,2083.0,Low,40.41
District_2,2024,Winter,13.62,47295.0,11.9,1111.0,High,37.8
District_15,2020,Fall,9.95,20540.0,14.9,3046.0,Low,58.04
District_14,2015,Winter,5.96,43736.0,10.7,2409.0,High,23.2
District_5,2016,Fall,6.71,55239.0,8.2,2581.0,High,31.98
District_6,2017,Summer,13.63,54197.0,10.1,2943.0,Low,78.13
District_6,2023,Fall,6.58,64986.0,9.8,4919.0,High,37.04
District_18,2019,Fall,11.95,60223.0,8.3,4067.0,Low,51.52
District_14,2014,Fall,14.88,36608.0,11.2,3333.0,Low,67.14
District_10,2022,Winter,15.0,35339.0,12.7,2137.0,Low,49.92
District_14,2018,Fall,9.4,47849.0,15.4,622.0,Low,36.07
District_13,2020,Spring,12.92,63978.0,11.3,1024.0,Low,54.91
District_3,2022,Fall,14.88,25630.0,9.9,3789.0,Low,74.17
District_6,2022,Summer,7.5,76900.0,10.3,2161.0,Low,34.57
District_8,2014,Spring,6.03,52589.0,16.9,2005.0,High,11.64
District_12,2014,Summer,4.37,38385.0,10.0,4500.0,Low,49.33
District_13,2016,Summer,4.69,61603.0,16.8,2680.0,Low,38.6
District_11,2019,Summer,13.24,22684.0,12.5,4548.0,High,49.65
District_12,2015,Spring,10.06,49064.0,17.3,4490.0,Low,52.83
District_1,2023,Spring,13.48,49158.0,12.1,861.0,Low,63.17
District_17,2024,Winter,12.47,29719.0,9.8,4754.0,Low,64.14
District_16,2014,Spring,11.08,70243.0,13.5,846.0,High,26.26
District_11,2014,Fall,10.31,67809.0,13.9,4836.0,High,44.45
District_13,2018,Summer,3.58,29164.0,14.4,2537.0,High,29.0
District_18,2017,Winter,13.47,41830.0,12.1,3924.0,Low,62.96
District_11,2014,Spring,8.01,26026.0,8.5,3678.0,High,48.35
District_12,2017,Summer,9.72,70917.0,14.3,2833.0,High,33.39
District_6,2016,Spring,3.26,39399.0,17.3,3288.0,High,21.72
District_9,2015,Winter,14.23,46359.0,17.6,4775.0,High,38.27
District_16,2022,Spring,13.83,39432.0,14.0,4673.0,Low,67.91
District_4,2024,Spring,9.52,38602.0,8.2,3444.0,Low,52.87
District_3,2014,Summer,9.93,64838.0,9.1,3460.0,Low,56.22
District_16,2020,Fall,11.46,64854.0,16.3,1611.0,High,33.26
District_12,2017,Spring,6.18,51067.0,16.3,4229.0,Low,35.41
District_11,2018,Winter,5.66,59457.0,17.5,3347.0,Low,25.35
District_5,2023,Spring,11.09,50700.0,13.6,4218.0,High,45.43
District_18,2018,Spring,4.25,21715.0,16.6,3460.0,Low,33.71
District_19,2014,Fall,8.45,23960.0,16.2,1847.0,High,32.92
District_6,2019,Summer,8.91,43024.0,13.9,1353.0,Low,42.27
District_18,2022,Winter,7.58,64985.0,15.8,846.0,Low,16.74
District_6,2015,Summer,5.22,74794.0,9.3,3137.0,Low,41.82
District_4,2020,Summer,7.26,21782.0,14.4,1778.0,High,40.92
District_12,2019,Summer,7.05,42082.0,17.5,3337.0,Low,48.72
District_19,2018,Spring,8.99,33427.0,9.6,764.0,Low,48.75
District_2,2017,Fall,11.1,68912.0,15.4,2190.0,Low,48.58
District_17,2017,Spring,14.62,70758.0,11.2,1672.0,Low,54.66
District_11,2019,Winter,4.73,32385.0,16.2,2167.0,Low,21.55
District_11,2017,Fall,13.48,62650.0,15.0,744.0,High,35.25
District_16,2018,Summer,6.41,63905.0,17.3,3759.0,High,29.85
District_2,2019,Fall,10.1,30623.0,15.1,1025.0,Low,40.31
District_2,2018,Winter,9.56,46022.0,12.1,565.0,Low,36.55
District_8,2020,Spring,9.68,57220.0,8.1,4758.0,High,42.73
District_13,2022,Spring,11.68,21564.0,15.9,1368.0,High,28.89
District_10,2023,Summer,7.58,44276.0,12.1,4226.0,High,48.2
District_8,2020,Spring,6.83,29297.0,14.7,4840.0,Low,49.04
District_4,2020,Spring,13.23,52514.0,9.1,2904.0,Low,50.24
District_15,2017,Winter,5.64,70575.0,16.9,2868.0,Low,18.97
District_1,2014,Fall,5.16,51485.0,12.4,2153.0,High,23.81
District_11,2021,Spring,3.19,22159.0,17.2,2415.0,Low,28.68
District_7,2017,Winter,5.53,21779.0,15.1,2669.0,Low,41.01
District_17,2014,Winter,9.22,56330.0,9.2,1184.0,High,21.15
District_20,2018,Summer,9.46,39679.0,13.8,2141.0,High,35.23
District_18,2021,Winter,6.05,54360.0,17.1,4172.0,Low,35.75
District_12,2017,Summer,3.87,29818.0,16.0,1321.0,Low,32.24
District_9,2021,Spring,11.94,66612.0,12.2,3784.0,High,48.89
District_5,2021,Summer,12.1,71643.0,17.6,3432.0,Low,50.91
District_10,2016,Winter,14.97,73354.0,10.7,758.0,High,41.11
District_4,2022,Fall,13.8,38244.0,11.8,601.0,High,42.43
District_5,2016,Fall,14.11,59644.0,15.5,2086.0,Low,51.47
District_10,2014,Spring,12.58,36743.0,10.3,3615.0,Low,55.26
District_11,2015,Spring,10.39,65765.0,13.2,1987.0,High,41.55
District_10,2019,Fall,4.54,27232.0,15.3,3505.0,Low,33.73
District_8,2023,Summer,10.47,65766.0,14.4,3495.0,High,35.96
District_2,2015,Spring,3.67,46384.0,9.6,4129.0,Low,47.16
District_8,2019,Winter,13.62,71333.0,14.3,948.0,High,32.2
District_16,2014,Spring,8.78,64336.0,13.7,3097.0,Low,49.79
District_5,2024,Summer,11.37,42591.0,13.6,781.0,Low,47.23
District_3,2014,Spring,3.63,74212.0,16.3,1292.0,Low,22.58
District_12,2018,Winter,9.41,37000.0,9.8,1965.0,Low,48.03
District_13,2023,Winter,6.62,78019.0,15.5,3683.0,Low,21.66
District_13,2024,Winter,6.42,66032.0,15.6,4882.0,Low,33.82
District_10,2022,Summer,7.68,79440.0,15.2,2041.0,Low,35.91
District_4,2021,Summer,3.01,23234.0,13.1,2845.0,Low,37.54
District_9,2016,Winter,8.6,36442.0,12.0,1666.0,Low,31.97
District_2,2016,Winter,8.84,64476.0,11.9,3540.0,Low,40.23
District_19,2014,Summer,13.36,75335.0,15.3,2150.0,Low,52.02
District_1,2016,Summer,8.38,21726.0,13.0,2667.0,High,38.09
District_7,2024,Summer,7.36,20001.0,11.4,3055.0,Low,60.29
District_17,2014,Fall,14.94,35375.0,14.3,3588.0,High,53.8
District_3,2021,Summer,9.85,71167.0,16.4,770.0,High,22.07
District_20,2014,Winter,8.67,66029.0,8.6,2997.0,Low,35.72
District_20,2018,Fall,8.95,40417.0,17.7,2440.0,High,23.51
District_3,2022,Summer,12.71,20121.0,9.0,1102.0,Low,59.97
District_3,2020,Winter,7.09,53282.0,13.1,1436.0,Low,29.68
District_17,2017,Spring,7.67,34277.0,13.6,4478.0,Low,50.96
District_7,2024,Fall,12.07,64737.0,9.4,4423.0,High,53.58
District_14,2022,Winter,3.88,46781.0,17.2,650.0,Low,11.35
District_17,2022,Spring,13.38,60716.0,12.7,3602.0,Low,54.66
District_18,2015,Winter,8.16,71139.0,9.4,2994.0,High,28.48
District_13,2023,Summer,9.98,52146.0,15.1,4729.0,Low,60.5
District_20,2023,Summer,12.09,40157.0,14.6,4586.0,High,52.62
District_20,2024,Spring,6.19,66173.0,17.6,3108.0,Low,34.46
District_18,2019,Summer,13.68,35911.0,12.4,1125.0,Low,56.98
District_4,2017,Winter,14.75,73491.0,10.7,2569.0,Low,39.14
District_1,2021,Spring,8.93,24286.0,8.6,3763.0,Low,59.91
District_18,2024,Winter,14.24,70128.0,15.3,4783.0,Low,53.92
District_1,2020,Winter,3.01,25493.0,14.2,2137.0,Low,22.46
District_13,2020,Winter,13.73,23368.0,17.7,4031.0,Low,53.06
District_20,2024,Summer,6.73,41795.0,15.1,3575.0,Low,51.95
District_20,2023,Summer,6.74,77393.0,17.3,852.0,Low,30.42
District_10,2022,Winter,5.74,79009.0,17.9,3011.0,Low,6.14
District_11,2018,Fall,6.8,32124.0,12.3,1326.0,High,18.73
District_9,2019,Winter,5.56,28918.0,9.5,3576.0,High,34.49
District_9,2014,Winter,13.87,41177.0,10.0,3245.0,Low,58.24
District_5,2019,Spring,13.79,40225.0,11.2,4879.0,High,61.57
District_1,2015,Winter,4.23,65576.0,13.1,4709.0,Low,36.2
District_17,2019,Summer,4.71,46640.0,9.2,542.0,Low,44.33
District_2,2022,Spring,13.34,66793.0,11.0,860.0,Low,41.86
District_13,2021,Fall,7.79,64923.0,11.1,3961.0,High,34.53
District_9,2022,Spring,5.03,54699.0,8.0,3585.0,Low,36.66
District_4,2023,Fall,9.13,70011.0,11.5,4104.0,Low,48.91
District_5,2021,Spring,8.0,31739.0,9.2,1701.0,Low,38.41
District_11,2016,Spring,5.63,29709.0,12.3,4322.0,High,34.5
District_19,2021,Fall,11.65,65039.0,10.0,2491.0,Low,43.26
District_3,2019,Summer,10.58,34688.0,16.2,1679.0,Low,48.31
District_12,2019,Summer,4.2,20168.0,8.8,548.0,Low,47.59
District_19,2019,Summer,14.1,74718.0,16.7,4421.0,Low,57.25
District_19,2016,Spring,9.7,57376.0,13.8,2909.0,High,31.11
District_13,2023,Winter,6.0,46696.0,12.6,4889.0,High,27.71
District_7,2014,Spring,5.48,63544.0,13.5,3716.0,High,26.72
District_15,2017,Winter,4.63,40000.0,11.8,862.0,High,14.97
District_7,2023,Winter,8.1,77220.0,9.3,3147.0,Low,31.85
District_8,2019,Summer,4.63,24117.0,15.7,577.0,Low,31.01
District_5,2024,Winter,7.99,58457.0,17.3,3010.0,Low,30.3
District_14,2023,Spring,4.79,66637.0,17.5,2076.0,High,19.61
District_4,2015,Spring,10.88,48148.0,14.7,3395.0,Low,45.81
District_10,2020,Summer,12.42,65298.0,12.1,2937.0,Low,56.98
District_20,2020,Fall,9.59,75615.0,12.8,1676.0,Low,30.21
District_15,2024,Spring,11.16,64640.0,14.6,1231.0,High,29.15
District_18,2017,Winter,14.26,38562.0,16.2,2321.0,High,38.61
District_20,2017,Spring,10.66,53711.0,11.7,4941.0,Low,60.02
District_13,2014,Spring,7.37,74696.0,17.2,2461.0,Low,27.5
District_8,2015,Spring,8.39,46946.0,11.2,3870.0,Low,49.17
District_9,2022,Fall,13.33,60902.0,13.3,756.0,Low,49.5
District_16,2023,Winter,4.57,47931.0,17.6,2205.0,Low,11.27
District_19,2021,Summer,6.91,27281.0,17.4,3111.0,Low,38.85
District_16,2021,Spring,9.93,23516.0,15.0,3880.0,High,44.49
District_7,2022,Winter,11.12,77136.0,11.2,2878.0,Low,40.91
District_14,2020,Winter,12.16,56753.0,10.2,2819.0,High,37.63
District_14,2022,Summer,6.82,26229.0,8.8,3938.0,High,41.48
District_4,2023,Spring,4.75,71446.0,15.1,1910.0,Low,18.56
District_15,2015,Fall,14.46,51362.0,13.0,908.0,High,45.52
District_3,2019,Winter,3.92,66316.0,13.7,2062.0,High,10.14
District_5,2016,Summer,4.15,27605.0,12.7,1215.0,High,17.45
District_1,2024,Fall,8.94,74415.0,12.8,4847.0,Low,47.4
District_3,2019,Winter,12.83,55432.0,13.7,3099.0,High,45.25
District_15,2016,Spring,12.29,64296.0,17.1,2510.0,High,38.48
District_8,2021,Winter,14.25,21883.0,8.3,4604.0,Low,60.39
District_4,2024,Fall,4.7,38918.0,16.0,4552.0,Low,39.38
District_2,2017,Fall,7.51,36047.0,11.9,2371.0,High,32.54
District_10,2023,Spring,6.39,76976.0,15.4,4436.0,Low,44.51
District_4,2019,Spring,13.33,31120.0,17.5,788.0,Low,41.91
District_3,2022,Summer,8.86,62423.0,11.1,4486.0,High,51.68
District_2,2015,Spring,3.32,22565.0,8.9,1898.0,High,19.75
District_17,2015,Summer,11.5,31861.0,10.3,3043.0,Low,64.44
District_20,2020,Fall,7.66,40316.0,10.2,1714.0,Low,46.26
District_13,2015,Fall,9.37,67670.0,15.4,4932.0,High,43.43
District_5,2015,Winter,13.73,67399.0,8.6,823.0,High,38.9
District_9,2017,Winter,6.08,77156.0,8.5,2511.0,High,12.03
District_6,2022,Summer,5.88,75006.0,14.9,3294.0,Low,38.41
District_5,2021,Spring,6.16,24891.0,13.6,3270.0,Low,44.46
District_10,2015,Spring,7.06,69792.0,12.2,3824.0,Low,45.9
District_8,2021,Winter,4.29,47070.0,13.8,3760.0,Low,22.53
District_7,2017,Fall,11.37,71953.0,15.4,4069.0,Low,44.78
District_7,2015,Summer,5.49,25357.0,9.0,1554.0,Low,38.23
District_6,2024,Fall,14.11,69366.0,13.5,2167.0,Low,52.85
District_20,2023,Fall,5.59,29579.0,16.2,2219.0,Low,36.3
District_3,2020,Spring,6.07,40030.0,11.6,4801.0,High,37.72
District_19,2019,Summer,6.56,21731.0,15.6,2342.0,High,33.22
District_15,2023,Fall,12.22,27424.0,16.5,1498.0,Low,48.92
District_4,2018,Winter,8.13,46744.0,16.2,3346.0,Low,33.62
District_12,2024,Winter,12.83,69100.0,14.5,2423.0,High,30.32
District_6,2014,Spring,12.42,66420.0,15.2,1625.0,Low,35.61
District_19,2015,Winter,14.15,34118.0,15.9,3718.0,Low,47.76
District_4,2021,Winter,12.08,29101.0,15.3,1364.0,Low,44.28
District_15,2014,Fall,3.62,43356.0,12.5,3350.0,Low,32.86
District_9,2016,Winter,13.05,72996.0,9.6,2437.0,High,33.89
District_5,2015,Winter,14.26,25486.0,11.1,1936.0,High,49.86
District_13,2018,Fall,14.92,52575.0,10.1,4757.0,High,64.0
District_18,2017,Spring,4.5,25328.0,11.6,1960.0,Low,32.07
District_5,2020,Spring,10.36,48213.0,12.9,2064.0,High,43.42
District_16,2018,Summer,5.39,27607.0,17.6,4418.0,High,34.03
District_19,2021,Winter,6.15,24820.0,17.6,1081.0,Low,28.3
District_14,2017,Fall,11.95,31451.0,15.7,986.0,Low,47.24
District_16,2019,Summer,14.73,35315.0,17.8,1772.0,Low,55.85
District_15,2017,Spring,10.14,36576.0,18.0,3162.0,Low,49.38
District_4,2015,Spring,13.21,58716.0,16.9,2229.0,High,33.53
District_7,2014,Fall,3.11,23299.0,8.8,3238.0,Low,39.41
District_16,2014,Summer,3.44,24849.0,12.3,1219.0,Low,36.25
District_8,2021,Summer,10.16,31322.0,13.3,1677.0,High,40.46
District_17,2017,Fall,7.67,72324.0,9.2,3043.0,Low,36.41
District_16,2018,Fall,13.68,57716.0,16.1,1477.0,Low,51.41
District_10,2024,Summer,6.62,63822.0,9.5,2403.0,Low,49.31
District_10,2021,Spring,8.18,42222.0,11.8,3077.0,High,36.35
District_2,2020,Winter,9.33,32793.0,8.7,4881.0,Low,47.57
District_9,2021,Spring,6.28,22278.0,13.2,859.0,Low,46.52
District_17,2021,Fall,13.9,49312.0,14.0,2572.0,High,44.95
District_11,2019,Summer,8.57,54457.0,15.4,2283.0,Low,43.52
District_10,2023,Summer,8.09,73820.0,11.4,4209.0,Low,35.76
District_17,2015,Winter,13.2,72926.0,13.9,4551.0,High,32.6
District_4,2019,Summer,6.74,45481.0,15.3,4582.0,Low,54.24
District_16,2014,Winter,12.81,45415.0,15.6,2188.0,High,49.62
District_20,2014,Spring,4.47,29667.0,11.0,1871.0,Low,41.74
District_15,2024,Spring,5.19,35447.0,8.7,2521.0,Low,35.34
District_5,2016,Summer,14.41,75540.0,8.4,2048.0,Low,64.84
District_6,2016,Summer,13.11,28462.0,15.7,3735.0,High,52.08
District_17,2024,Fall,7.65,78122.0,11.9,1461.0,High,23.16
District_1,2018,Fall,10.66,50284.0,9.3,3464.0,Low,48.65
District_19,2014,Summer,14.32,47396.0,9.8,4671.0,Low,75.45
District_4,2023,Summer,5.54,30478.0,15.7,1760.0,Low,32.56
District_17,2019,Spring,3.71,59692.0,14.0,3546.0,Low,19.46
District_9,2020,Summer,9.45,47591.0,13.0,1146.0,Low,44.86
District_2,2023,Fall,4.71,42240.0,14.2,1046.0,High,6.55
District_8,2024,Spring,5.25,35871.0,9.4,1020.0,Low,31.38
District_15,2016,Winter,13.7,23989.0,11.2,1123.0,Low,52.83
District_7,2017,Fall,3.09,51160.0,11.7,1473.0,High,23.38
District_6,2023,Fall,12.8,38774.0,11.1,3033.0,High,52.33
District_1,2024,Spring,9.2,62472.0,16.6,3951.0,Low,41.69
District_15,2023,Winter,9.71,63411.0,13.8,1071.0,Low,28.44
District_7,2023,Fall,11.06,39926.0,15.3,4415.0,Low,49.98
District_17,2023,Summer,8.18,60147.0,10.4,4292.0,High,51.36
District_2,2023,Fall,4.39,35521.0,10.6,3773.0,Low,35.03
District_9,2016,Spring,4.23,63630.0,10.3,2417.0,Low,32.66
District_9,2014,Spring,12.05,20965.0,14.9,507.0,Low,50.59
District_13,2021,Spring,5.65,29097.0,11.5,3806.0,Low,33.77
District_6,2023,Fall,3.34,34701.0,12.1,4455.0,Low,27.38
District_6,2023,Winter,14.76,66376.0,15.1,2009.0,Low,47.82
District_20,2015,Summer,14.76,23983.0,17.7,3731.0,Low,59.51
District_20,2014,Spring,7.54,31283.0,9.6,779.0,Low,42.42
District_3,2021,Winter,3.31,41517.0,8.6,3693.0,High,17.11
District_17,2020,Summer,11.73,20550.0,9.9,807.0,High,50.05
District_17,2020,Spring,12.97,65727.0,15.3,3142.0,High,42.66
District_12,2017,Summer,4.5,53606.0,9.9,3189.0,High,37.86
District_16,2024,Summer,4.63,74041.0,13.8,1860.0,Low,34.41
District_15,2022,Winter,12.87,21862.0,13.9,856.0,Low,45.68
District_13,2019,Summer,14.06,36283.0,10.9,4772.0,Low,81.78
District_1,2015,Spring,12.49,63875.0,8.7,2910.0,Low,50.8
District_17,2014,Winter,5.41,60509.0,12.0,3109.0,Low,29.04
District_3,2014,Fall,7.94,34583.0,9.9,3268.0,High,44.15
District_15,2022,Fall,10.21,55741.0,9.8,4510.0,High,32.55
District_4,2017,Winter,4.92,67625.0,13.2,771.0,Low,25.88
District_4,2018,Fall,5.53,22003.0,14.7,4520.0,High,33.51
District_18,2016,Summer,6.39,63058.0,8.8,1579.0,High,34.65
District_17,2017,Spring,9.11,35126.0,13.8,851.0,High,27.82
District_19,2021,Summer,9.13,76871.0,10.5,3458.0,High,43.41
District_11,2017,Winter,12.77,52293.0,14.7,4896.0,High,42.37
District_20,2022,Spring,12.04,22003.0,16.1,758.0,Low,41.34
District_3,2022,Winter,13.96,44206.0,16.1,2418.0,High,34.26
District_8,2019,Winter,12.99,77979.0,11.7,2884.0,High,37.26
District_14,2015,Winter,6.05,63822.0,13.7,1635.0,Low,31.13
District_1,2023,Summer,6.98,38029.0,15.9,4923.0,High,38.69
District_14,2024,Spring,9.01,54516.0,8.6,3384.0,Low,43.42
District_2,2020,Spring,3.17,55946.0,14.1,4300.0,High,24.14
District_4,2022,Spring,13.85,21401.0,16.4,2371.0,Low,54.65
District_19,2019,Summer,3.53,30730.0,11.7,2093.0,Low,42.79
District_6,2016,Fall,6.87,53107.0,12.6,2989.0,High,26.89
District_1,2020,Summer,9.83,44165.0,15.0,2459.0,High,33.54
District_17,2018,Summer,9.21,31402.0,8.7,3717.0,High,58.64
District_8,2014,Winter,10.85,66360.0,11.9,1696.0,Low,35.05
District_19,2016,Spring,9.33,49340.0,11.0,2523.0,Low,42.01
District_1,2018,Spring,5.75,38598.0,8.2,4528.0,High,34.57
District_5,2020,Fall,5.41,29701.0,10.0,3902.0,Low,52.88
District_16,2016,Fall,13.89,56670.0,12.0,1256.0,High,54.49
District_6,2019,Winter,6.17,59976.0,10.0,4491.0,Low,32.97
District_8,2018,Spring,6.37,60176.0,14.0,3151.0,Low,35.36
District_13,2014,Fall,7.96,33217.0,12.5,3557.0,Low,49.7
District_16,2023,Fall,4.67,55720.0,8.4,1824.0,Low,26.09
District_3,2019,Spring,9.09,74324.0,10.8,2487.0,Low,39.73
District_19,2021,Summer,10.98,41191.0,8.2,4131.0,Low,74.92
District_12,2014,Fall,12.43,32646.0,11.6,1988.0,Low,53.94
District_16,2015,Spring,11.54,66329.0,10.6,1243.0,High,42.35
District_11,2017,Fall,4.77,30613.0,14.9,2202.0,High,23.72
District_10,2015,Winter,8.47,35225.0,11.1,811.0,High,13.62
District_20,2024,Fall,3.46,26039.0,11.8,3730.0,Low,44.15
District_4,2022,Spring,3.21,36072.0,15.3,1165.0,High,13.12
District_12,2023,Fall,8.28,44620.0,12.8,1783.0,High,38.71
District_2,2021,Winter,6.04,23849.0,13.6,4465.0,High,29.35
District_19,2021,Winter,11.2,72303.0,16.4,2932.0,Low,36.57
District_5,2017,Fall,11.69,50820.0,10.1,1946.0,Low,54.73
District_8,2018,Fall,13.74,55286.0,17.9,2965.0,High,43.97
District_7,2017,Winter,12.13,42277.0,17.0,1482.0,Low,29.75
District_14,2022,Winter,3.58,60190.0,10.9,613.0,High,13.2
District_3,2015,Summer,7.46,45907.0,16.9,3217.0,High,34.32
District_18,2024,Summer,6.28,65679.0,15.5,3714.0,Low,41.58
District_16,2021,Winter,7.63,69284.0,17.3,4459.0,Low,33.85
District_19,2015,Fall,4.92,60311.0,14.9,3973.0,High,29.79
District_19,2014,Spring,4.17,49480.0,14.7,4670.0,Low,41.55
District_18,2023,Fall,9.25,66936.0,8.0,4937.0,High,48.19
District_20,2016,Fall,11.64,49657.0,12.7,3852.0,Low,46.74
District_16,2022,Summer,11.42,26691.0,10.0,4406.0,Low,67.41
District_8,2016,Summer,8.41,26980.0,11.2,3532.0,Low,51.66
District_1,2022,Summer,9.27,76915.0,17.8,1269.0,Low,38.55
District_17,2020,Winter,9.2,32814.0,8.9,1318.0,High,29.17
District_12,2023,Winter,11.3,68955.0,15.2,996.0,Low,42.85
District_11,2014,Fall,3.58,34802.0,9.7,4743.0,High,26.4
District_5,2023,Fall,11.52,45847.0,8.1,3527.0,Low,59.48
District_12,2018,Spring,9.99,59297.0,13.0,4055.0,Low,49.79
District_17,2022,Fall,5.38,29532.0,9.6,1990.0,Low,38.04
District_6,2016,Fall,3.59,64235.0,17.7,2572.0,Low,24.28
District_1,2022,Summer,4.3,61395.0,10.0,679.0,High,34.25
District_5,2018,Summer,9.3,52585.0,9.9,4501.0,High,50.75
District_14,2022,Summer,12.1,53953.0,8.3,4339.0,High,64.41
District_5,2023,Summer,7.02,26346.0,11.3,4032.0,Low,52.03
District_1,2019,Summer,7.55,46157.0,8.2,762.0,Low,49.86
District_18,2022,Spring,14.21,25194.0,13.0,1284.0,Low,52.55
District_16,2020,Spring,5.56,38472.0,13.1,2004.0,High,20.71
District_9,2020,Spring,4.24,74019.0,8.5,1684.0,Low,21.12
District_19,2021,Summer,7.12,54472.0,10.4,4273.0,Low,46.72
District_5,2020,Winter,11.95,64562.0,16.3,1377.0,Low,35.28
District_2,2022,Summer,10.51,54433.0,12.6,2895.0,Low,61.91
District_15,2024,Summer,7.99,31654.0,12.3,3071.0,High,41.51
District_7,2022,Spring,14.58,55688.0,15.0,2413.0,Low,55.5
District_4,2019,Summer,11.82,65323.0,15.1,1583.0,Low,55.08
District_1,2020,Spring,3.74,28304.0,15.6,4821.0,High,26.34
District_13,2015,Summer,11.94,69014.0,16.3,2360.0,Low,45.38
District_20,2022,Fall,3.29,53324.0,10.3,3773.0,Low,31.91
District_7,2014,Winter,10.8,20257.0,8.7,1328.0,Low,51.9
District_15,2014,Winter,5.53,51187.0,11.8,4203.0,Low,34.66
District_14,2016,Spring,11.36,43740.0,16.6,1472.0,Low,44.42
District_19,2019,Fall,6.72,37787.0,8.8,3539.0,High,33.5
District_20,2018,Winter,13.48,66275.0,13.8,2779.0,Low,52.04
District_18,2015,Spring,7.04,73970.0,15.0,1160.0,High,28.22
District_10,2022,Summer,10.44,65759.0,12.8,612.0,Low,46.12
District_9,2023,Summer,6.43,70806.0,10.6,4688.0,High,43.56
District_8,2017,Fall,14.01,74527.0,11.3,1066.0,High,37.55
District_10,2017,Winter,12.37,74758.0,8.7,3672.0,Low,55.39
District_17,2018,Summer,5.92,26878.0,10.9,3437.0,High,43.03
District_2,2021,Spring,14.39,47383.0,8.4,2038.0,High,44.37
District_6,2023,Summer,7.29,20017.0,15.3,1334.0,Low,46.21
District_5,2017,Summer,10.82,50388.0,17.0,1302.0,High,38.66
District_9,2018,Winter,11.91,75455.0,14.3,3134.0,High,31.44
District_5,2017,Winter,3.27,31946.0,14.6,2961.0,High,17.25
District_18,2019,Spring,14.51,58387.0,12.7,4442.0,Low,61.88
District_20,2016,Fall,7.13,58663.0,9.6,3380.0,High,33.7
District_9,2021,Fall,5.28,29621.0,8.1,4187.0,Low,49.48
District_17,2019,Summer,13.21,34312.0,11.4,646.0,High,46.62
District_17,2023,Spring,11.43,47721.0,15.5,3519.0,High,37.23
District_12,2018,Fall,4.04,31293.0,17.6,1552.0,High,23.01
District_7,2015,Fall,4.4,55100.0,12.3,1638.0,Low,27.48
District_3,2023,Summer,11.58,49073.0,11.7,3743.0,Low,60.36
District_10,2023,Spring,3.9,51152.0,12.5,4070.0,High,23.42
District_2,2020,Fall,14.01,28068.0,12.3,2173.0,High,45.69
District_3,2015,Winter,11.9,51035.0,14.3,4055.0,Low,54.71
District_16,2014,Winter,7.03,22969.0,15.3,2497.0,Low,26.06
District_2,2020,Summer,7.36,72892.0,15.8,4359.0,High,36.67
District_10,2018,Summer,9.08,40595.0,14.5,612.0,High,33.29
District_6,2014,Summer,7.33,71380.0,12.4,876.0,Low,40.27
District_11,2017,Summer,12.4,62099.0,17.5,3994.0,Low,55.32
District_7,2017,Fall,14.7,65970.0,15.1,3308.0,High,49.12
District_15,2023,Spring,10.01,38873.0,12.3,3016.0,High,41.4
District_6,2020,Summer,8.35,33665.0,12.5,3263.0,Low,56.1
District_20,2022,Summer,5.67,44404.0,16.2,4686.0,High,44.12
District_9,2015,Fall,10.84,21454.0,12.4,3450.0,High,37.49
District_20,2014,Summer,11.23,75125.0,13.2,3414.0,Low,54.28
District_12,2015,Summer,11.22,43221.0,10.9,3918.0,Low,57.44
District_19,2020,Spring,3.32,79313.0,16.4,4400.0,Low,23.6
District_20,2023,Winter,13.79,65687.0,13.2,1679.0,Low,38.67
District_3,2019,Summer,7.06,24831.0,13.5,3275.0,Low,48.76
District_15,2017,Fall,11.93,59611.0,16.8,3128.0,High,44.07
District_2,2014,Spring,12.12,36250.0,17.2,1107.0,High,33.08
District_2,2014,Fall,10.81,34623.0,16.2,2841.0,High,40.84
District_3,2018,Spring,7.74,35394.0,8.7,813.0,Low,46.31
District_6,2014,Spring,10.3,74965.0,12.4,1332.0,Low,35.81
District_15,2020,Summer,3.48,49999.0,11.4,4608.0,High,29.61
District_10,2024,Summer,12.14,60168.0,10.1,1037.0,High,44.31
District_9,2014,Summer,4.2,36857.0,17.1,3105.0,Low,28.18
District_1,2014,Winter,7.76,51377.0,16.9,1956.0,High,27.71
District_16,2015,Winter,4.24,41006.0,12.7,2999.0,Low,27.83
District_6,2024,Fall,13.04,39268.0,9.3,1557.0,Low,59.85
District_9,2023,Summer,9.6,34818.0,8.1,2500.0,High,47.17
District_4,2016,Winter,11.29,44540.0,12.4,4403.0,High,42.55
District_2,2024,Summer,11.19,59602.0,8.4,2193.0,High,46.35
District_4,2014,Winter,13.1,33323.0,14.1,2089.0,High,39.71
District_1,2022,Winter,4.59,77927.0,14.1,2508.0,Low,26.71
District_19,2023,Spring,10.92,27477.0,17.0,952.0,High,22.03
District_10,2021,Summer,9.9,48812.0,9.9,2243.0,Low,57.59
District_15,2018,Summer,3.37,25102.0,11.7,531.0,Low,31.89
District_19,2024,Winter,5.42,21360.0,16.6,2765.0,Low,23.52
District_16,2015,Summer,6.21,75361.0,12.7,4316.0,Low,37.21
District_4,2018,Winter,3.87,68623.0,8.6,2984.0,High,17.23
District_2,2019,Summer,7.26,61649.0,9.1,3235.0,High,40.9
District_13,2014,Spring,3.33,71911.0,16.1,638.0,Low,14.18
District_1,2024,Summer,9.64,68171.0,15.4,4368.0,High,35.24
District_17,2017,Spring,5.54,58834.0,16.8,2233.0,High,19.53
District_13,2022,Fall,6.44,70841.0,9.2,4887.0,Low,46.3
District_4,2015,Summer,13.93,43448.0,15.6,1042.0,High,48.83
District_7,2018,Summer,9.03,53165.0,14.6,4751.0,High,47.75
District_17,2014,Summer,6.23,66579.0,10.3,3354.0,Low,51.15
District_9,2017,Spring,10.18,25088.0,17.7,736.0,High,33.53
District_4,2017,Summer,5.42,71519.0,13.7,4873.0,High,25.58
District_19,2019,Summer,3.89,29410.0,17.1,562.0,High,19.89
District_1,2023,Winter,3.25,71872.0,16.6,3788.0,Low,24.12
District_10,2022,Fall,14.42,38680.0,11.3,4503.0,Low,71.66
District_4,2016,Spring,11.7,39607.0,13.4,1291.0,Low,59.96
District_9,2022,Winter,12.6,24437.0,12.3,2045.0,High,43.1
District_13,2019,Spring,14.77,73154.0,15.1,3026.0,High,37.21
District_14,2020,Winter,14.18,30471.0,13.9,3559.0,Low,46.77
District_10,2023,Fall,11.84,57803.0,15.8,4423.0,Low,53.64
District_6,2015,Winter,11.33,58638.0,8.1,3925.0,Low,50.94
District_16,2024,Spring,7.04,36869.0,14.9,2135.0,Low,34.86
District_6,2023,Summer,4.25,79140.0,11.2,4198.0,Low,43.99
District_17,2019,Summer,9.88,23850.0,10.2,4847.0,High,42.86
District_10,2019,Fall,9.92,56472.0,16.0,1521.0,High,27.55
District_18,2015,Spring,14.43,48773.0,8.9,833.0,Low,44.94
District_18,2015,Spring,8.31,34729.0,10.3,2420.0,High,32.78
District_3,2015,Spring,11.29,29813.0,10.0,4466.0,High,49.38
District_20,2023,Fall,9.9,64225.0,12.2,1176.0,Low,46.7
District_15,2014,Summer,5.12,74979.0,11.2,4486.0,High,27.68
District_15,2018,Winter,10.1,26453.0,15.2,4965.0,High,37.3
District_4,2021,Fall,9.48,31639.0,15.0,743.0,Low,38.57
District_9,2015,Winter,8.93,79176.0,11.3,2729.0,High,23.76
District_19,2018,Summer,9.16,20901.0,12.4,1980.0,Low,51.4
District_17,2021,Fall,4.97,50495.0,10.1,2272.0,High,25.31
District_11,2023,Summer,8.56,50967.0,14.7,2532.0,Low,43.39
District_9,2018,Winter,10.27,35790.0,12.0,3829.0,High,38.67
District_10,2015,Spring,8.87,59782.0,9.3,3161.0,Low,52.88
District_18,2016,Spring,8.86,76696.0,9.3,4825.0,High,40.07
District_20,2019,Winter,3.93,47013.0,11.2,1997.0,Low,34.58
District_13,2024,Spring,5.29,64965.0,15.5,2937.0,Low,31.21
District_8,2024,Winter,6.85,58764.0,8.3,4160.0,High,33.57
District_7,2018,Fall,8.03,48377.0,10.6,2179.0,High,29.98
District_17,2024,Fall,10.13,22989.0,9.6,2594.0,Low,54.45
District_15,2017,Fall,13.36,64505.0,17.6,3582.0,High,40.35
District_20,2017,Spring,4.91,41795.0,15.1,4373.0,Low,31.96
District_15,2018,Summer,3.18,33470.0,10.3,2371.0,High,25.87
District_1,2015,Spring,8.39,76896.0,10.1,2894.0,Low,43.84
District_14,2022,Spring,8.19,66410.0,16.6,4888.0,Low,49.0
District_5,2015,Summer,9.62,77736.0,9.9,691.0,High,37.38
District_11,2023,Summer,13.0,35373.0,18.0,2517.0,High,48.45
District_16,2015,Summer,12.63,70148.0,10.8,3362.0,High,46.02
District_2,2023,Summer,4.2,56463.0,8.8,538.0,Low,37.23
District_8,2022,Spring,14.21,78890.0,14.9,3186.0,Low,49.17
District_11,2016,Winter,4.32,76779.0,14.1,753.0,Low,8.6
District_18,2023,Fall,10.61,78378.0,18.0,4359.0,High,30.36
District_3,2020,Winter,11.07,77106.0,16.0,4132.0,High,28.88
District_1,2017,Spring,11.16,20460.0,12.3,645.0,Low,45.77
District_11,2019,Summer,6.18,64465.0,14.8,720.0,Low,34.62
District_16,2017,Fall,6.96,36316.0,16.2,3891.0,High,30.57
District_18,2023,Fall,9.58,62302.0,13.1,2163.0,Low,44.36
District_16,2020,Winter,5.4,78837.0,10.7,3088.0,High,15.64
District_10,2014,Spring,3.24,22362.0,10.1,1716.0,Low,33.56
District_18,2016,Spring,9.75,54019.0,11.0,1278.0,High,28.24
District_6,2016,Spring,8.58,64097.0,16.5,1832.0,Low,42.04
District_19,2014,Fall,10.88,35202.0,11.8,1610.0,Low,41.8
District_4,2019,Winter,4.76,33507.0,10.9,2517.0,Low,43.01
District_13,2024,Fall,13.09,23621.0,16.1,3860.0,Low,62.08
District_14,2022,Fall,4.75,25635.0,8.3,2994.0,High,25.89
District_3,2021,Summer,13.7,59405.0,13.9,3241.0,Low,61.61
District_10,2024,Winter,8.39,50313.0,16.7,2615.0,Low,32.66
District_6,2020,Summer,9.6,21804.0,12.1,1961.0,High,51.97
District_1,2023,Spring,13.76,78180.0,10.7,1146.0,Low,42.67
District_14,2021,Fall,6.6,59363.0,12.9,2096.0,Low,29.22
District_8,2019,Winter,5.18,50928.0,15.2,3493.0,High,19.35
District_19,2022,Spring,8.35,36363.0,13.2,3802.0,Low,48.62
District_14,2016,Winter,5.93,59486.0,8.1,2611.0,Low,40.0
District_10,2023,Fall,9.33,41850.0,8.8,3402.0,High,38.49
District_17,2023,Winter,6.3,62150.0,15.2,1447.0,Low,17.16
District_9,2022,Spring,13.37,60954.0,12.0,4370.0,High,58.75
District_6,2017,Summer,10.29,25565.0,15.8,4397.0,High,49.0
District_11,2020,Fall,3.0,74556.0,14.5,1941.0,Low,18.93
District_7,2022,Summer,12.67,49218.0,13.8,2965.0,Low,62.89
District_17,2015,Fall,6.96,43577.0,17.0,3230.0,Low,28.29
District_1,2015,Spring,6.84,77328.0,8.2,2626.0,Low,41.06
District_5,2022,Fall,7.6,46293.0,9.6,4600.0,Low,48.14
District_9,2016,Summer,10.56,63273.0,14.2,3829.0,Low,51.65
District_18,2022,Fall,8.3,59308.0,8.7,3526.0,Low,55.26
District_2,2018,Spring,10.54,29908.0,14.4,2840.0,Low,52.09
District_11,2019,Fall,4.76,79469.0,17.8,882.0,Low,14.15
District_6,2015,Summer,14.64,47816.0,16.8,985.0,Low,55.86
District_8,2021,Spring,11.76,43687.0,13.9,1846.0,High,39.05
District_4,2024,Summer,6.0,75177.0,16.9,1452.0,Low,29.83
District_18,2022,Fall,11.69,51754.0,9.2,4786.0,Low,56.86
District_11,2015,Winter,9.9,62305.0,12.5,2344.0,High,28.02
District_5,2019,Summer,4.31,70775.0,12.3,4445.0,Low,44.71
District_15,2019,Fall,5.14,34130.0,11.4,4181.0,Low,46.17
District_18,2021,Winter,3.5,30168.0,8.0,4157.0,High,22.12
District_2,2023,Winter,12.71,24110.0,16.9,1471.0,Low,41.87
District_11,2018,Spring,9.62,73828.0,15.8,2513.0,High,17.7
District_13,2022,Winter,6.8,32022.0,14.5,1931.0,Low,38.45
District_4,2014,Summer,4.52,38465.0,9.3,4867.0,High,37.82
District_7,2022,Summer,8.81,37148.0,11.8,4445.0,High,45.4
District_11,2023,Winter,9.3,38275.0,17.2,1625.0,High,15.57
District_4,2020,Fall,11.42,60084.0,14.2,1911.0,Low,50.41
District_15,2017,Summer,14.64,77247.0,14.0,2880.0,High,54.76
District_1,2016,Summer,8.22,39767.0,17.1,1754.0,Low,39.86
District_3,2023,Spring,7.87,44459.0,13.6,4210.0,High,30.36
District_14,2024,Fall,7.44,66269.0,14.0,4187.0,Low,42.34
District_6,2019,Winter,12.92,45940.0,11.5,3760.0,Low,50.59
District_18,2014,Fall,4.88,75563.0,11.7,3602.0,Low,38.67
District_1,2016,Spring,7.13,50193.0,14.9,2963.0,High,27.66
District_6,2015,Spring,11.7,40864.0,11.2,2062.0,High,41.09
District_6,2024,Fall,3.19,78294.0,13.6,4266.0,Low,33.79
District_16,2022,Spring,6.47,45547.0,10.8,4365.0,Low,37.77
District_5,2016,Spring,10.7,33870.0,9.7,723.0,High,36.61
District_17,2015,Spring,5.23,30662.0,12.5,2294.0,High,27.78
District_10,2017,Fall,6.63,79711.0,10.2,620.0,Low,29.17
District_18,2015,Spring,8.83,65179.0,17.0,4278.0,High,33.56
District_7,2014,Winter,8.06,44520.0,11.0,1297.0,High,24.45
District_3,2019,Winter,4.27,69582.0,14.0,3532.0,Low,28.26
District_13,2023,Summer,14.26,52808.0,10.6,2108.0,Low,62.04
District_15,2021,Winter,3.53,39043.0,10.6,4172.0,Low,21.75
District_20,2023,Summer,12.0,64603.0,11.5,2794.0,High,39.44
District_19,2023,Fall,3.86,64754.0,17.2,1960.0,Low,25.97
District_3,2015,Spring,8.61,50010.0,11.9,1957.0,High,32.88
District_4,2022,Winter,5.1,22710.0,16.2,1971.0,High,14.93
District_5,2016,Summer,4.69,24621.0,10.0,4049.0,Low,49.45
District_1,2021,Fall,4.51,67325.0,8.5,3700.0,Low,35.56
District_4,2021,Summer,8.43,69409.0,15.8,1936.0,Low,37.44
District_12,2016,Spring,9.19,60697.0,13.4,2706.0,Low,39.82
District_10,2016,Winter,4.6,70344.0,13.0,843.0,High,6.04
District_20,2019,Fall,14.75,63169.0,10.7,4224.0,High,54.97
District_13,2014,Summer,6.09,73816.0,8.7,1697.0,Low,40.14
District_14,2017,Fall,8.51,29024.0,12.8,4502.0,Low,50.95
District_5,2014,Summer,5.6,43264.0,16.7,3186.0,High,33.86
District_4,2016,Summer,8.93,47847.0,9.2,3055.0,Low,59.45
District_14,2022,Spring,12.07,37860.0,17.3,1232.0,Low,51.6
District_10,2018,Spring,9.25,63522.0,10.7,813.0,Low,38.35
District_17,2018,Summer,6.43,74746.0,13.3,2987.0,Low,37.89
District_10,2024,Winter,5.98,44749.0,8.7,2606.0,Low,34.07
District_7,2017,Fall,12.11,76493.0,12.3,1039.0,Low,41.92
District_16,2016,Fall,4.42,51006.0,9.3,4260.0,High,31.84
District_1,2018,Spring,7.44,51351.0,8.5,2378.0,High,35.58
District_17,2024,Winter,4.82,56013.0,17.7,1672.0,Low,18.53
District_9,2017,Summer,6.1,36100.0,15.3,4047.0,High,35.86
District_6,2021,Spring,4.83,43002.0,15.2,4609.0,Low,41.46
District_19,2017,Summer,13.64,53194.0,8.9,1877.0,Low,71.23
District_13,2024,Summer,11.78,76519.0,17.3,3992.0,High,39.12
District_3,2021,Spring,9.73,58562.0,12.7,3436.0,Low,48.83
District_7,2019,Winter,5.69,39987.0,16.5,4954.0,Low,32.62
District_9,2024,Fall,9.12,20628.0,8.1,1418.0,High,36.62
District_5,2018,Spring,9.25,78900.0,11.0,4823.0,Low,45.18
District_10,2017,Winter,10.08,49579.0,18.0,1919.0,Low,30.54
District_17,2017,Summer,3.72,76310.0,12.3,2354.0,Low,40.51
District_12,2017,Spring,14.67,52961.0,16.9,2115.0,High,46.97
District_16,2024,Fall,8.59,56328.0,11.3,1708.0,Low,37.39
District_3,2022,Fall,14.12,62715.0,13.3,3620.0,High,51.22
District_9,2017,Summer,3.12,39259.0,16.5,3151.0,Low,29.96
District_15,2022,Spring,5.97,61939.0,14.1,1876.0,High,18.07
District_5,2023,Fall,4.25,51608.0,15.3,1095.0,Low,32.48
District_13,2019,Spring,12.24,60349.0,10.3,1928.0,High,50.95
District_14,2023,Fall,6.84,70150.0,9.6,2216.0,High,19.2
District_20,2020,Summer,13.09,31054.0,10.3,2213.0,High,54.55
District_15,2023,Summer,12.99,56813.0,12.9,2108.0,Low,59.38
District_16,2016,Spring,11.01,23127.0,16.0,719.0,High,32.84
District_13,2021,Winter,10.99,26127.0,11.5,2588.0,Low,47.48
District_17,2016,Winter,11.4,60476.0,13.6,4263.0,High,33.55
District_8,2014,Summer,11.09,24256.0,16.0,1312.0,Low,55.1
District_2,2023,Fall,7.64,55721.0,10.4,1155.0,Low,37.12
District_5,2018,Winter,11.19,33201.0,16.8,2623.0,High,33.84
District_6,2015,Summer,13.77,38245.0,17.5,2168.0,High,52.58
District_12,2023,Fall,6.99,27778.0,8.4,3026.0,High,43.22
District_18,2019,Fall,14.34,34920.0,8.6,4762.0,Low,70.38
District_1,2023,Winter,3.16,69278.0,8.9,3924.0,High,6.09
District_17,2022,Summer,7.19,58333.0,15.8,3592.0,Low,46.68
District_11,2014,Fall,4.59,76986.0,9.9,2372.0,High,14.91
District_10,2017,Fall,4.52,22925.0,15.3,1793.0,Low,35.29
District_19,2014,Spring,12.79,67545.0,12.4,2931.0,Low,54.13
District_14,2014,Spring,14.02,61945.0,16.4,4484.0,High,45.81
District_10,2021,Winter,12.33,35654.0,16.1,4445.0,Low,50.07
District_15,2024,Spring,14.72,63750.0,17.6,2505.0,Low,58.43
District_19,2015,Summer,5.6,62993.0,10.5,1608.0,High,35.33
District_4,2014,Winter,4.69,47561.0,10.3,1514.0,Low,24.08
District_2,2024,Winter,9.25,61318.0,8.3,653.0,High,15.12
District_9,2021,Spring,12.95,46675.0,12.1,4292.0,Low,68.0
District_10,2017,Fall,3.48,40133.0,12.6,1692.0,High,12.27
District_11,2016,Summer,14.95,47989.0,17.6,2115.0,Low,59.33
District_14,2017,Summer,10.23,73708.0,16.3,4141.0,High,40.26
District_7,2024,Summer,14.75,43075.0,9.7,1040.0,Low,66.04
District_15,2018,Winter,7.38,44221.0,16.0,2576.0,Low,37.06
District_19,2014,Summer,8.5,56504.0,9.8,1051.0,High,36.44
District_15,2024,Fall,12.03,65180.0,8.8,2488.0,High,41.46
District_8,2014,Fall,12.51,64077.0,16.4,712.0,Low,43.86
District_11,2016,Spring,5.8,21188.0,17.8,2829.0,High,19.23
District_9,2019,Summer,14.16,61245.0,8.9,4081.0,Low,66.15
District_15,2014,Winter,13.41,47033.0,16.1,3543.0,Low,46.9
District_1,2024,Spring,3.22,51445.0,16.6,2791.0,Low,28.83
District_1,2015,Fall,4.54,53700.0,9.2,4229.0,Low,48.73
District_19,2020,Summer,8.95,63903.0,10.8,1525.0,High,41.95
District_3,2014,Fall,8.53,69880.0,15.3,4239.0,Low,47.83
District_10,2020,Spring,11.5,58776.0,16.1,1744.0,High,38.55
District_8,2017,Fall,4.08,53834.0,11.5,2131.0,High,24.92
District_15,2023,Summer,10.74,42426.0,9.6,1078.0,High,44.5
District_10,2019,Summer,10.4,28273.0,14.5,958.0,Low,45.14
District_1,2021,Spring,5.8,77515.0,15.0,4695.0,High,26.1
District_18,2022,Summer,9.51,47711.0,13.0,1355.0,Low,39.43
District_2,2019,Fall,5.67,53973.0,9.4,2000.0,Low,35.01
District_19,2024,Fall,4.76,65064.0,16.4,2881.0,High,19.67
District_13,2022,Winter,9.88,24105.0,14.5,2065.0,Low,40.12
District_1,2017,Winter,14.73,71301.0,16.7,4416.0,High,36.54
District_2,2019,Winter,5.84,67822.0,17.3,4553.0,High,9.15
District_16,2021,Fall,7.26,66466.0,16.1,1967.0,Low,30.23
District_15,2022,Fall,6.08,21319.0,17.6,914.0,High,20.88
District_13,2016,Spring,6.2,51591.0,17.5,1446.0,High,19.5
District_16,2015,Winter,7.85,23256.0,14.2,2635.0,High,30.31
District_17,2019,Fall,11.42,53052.0,15.3,1798.0,Low,44.17
District_7,2017,Spring,3.47,63107.0,15.0,2541.0,Low,23.9
District_17,2014,Fall,14.49,27311.0,14.2,3914.0,High,51.45
District_7,2021,Spring,3.56,61693.0,8.2,2393.0,High,22.27
District_13,2022,Winter,13.58,46972.0,11.6,1386.0,High,41.16
District_5,2022,Winter,13.73,68693.0,9.0,2111.0,High,33.12
District_17,2015,Winter,9.29,52015.0,11.0,3843.0,Low,33.15
District_3,2022,Fall,4.64,40167.0,8.7,2408.0,High,30.17
District_7,2020,Fall,9.78,39919.0,17.2,1623.0,Low,47.01
District_17,2018,Spring,10.54,73849.0,12.5,2423.0,Low,45.57
District_7,2020,Summer,13.29,47172.0,9.9,2547.0,Low,58.95
District_1,2022,Summer,9.61,44345.0,13.8,1834.0,High,38.5
District_17,2021,Winter,7.93,22392.0,10.0,4981.0,Low,48.72
District_17,2019,Summer,13.06,41859.0,16.0,3954.0,Low,65.77
District_11,2017,Winter,14.77,70978.0,11.1,3616.0,High,38.73
District_3,2014,Spring,10.74,65659.0,11.1,4347.0,Low,60.76
District_15,2019,Summer,13.49,33255.0,16.7,3499.0,Low,60.48
District_11,2016,Summer,10.18,44783.0,13.6,4059.0,High,44.03
District_16,2019,Winter,11.28,31795.0,16.9,2356.0,Low,42.06
District_9,2019,Spring,11.26,77253.0,12.1,2752.0,High,29.71
District_1,2017,Summer,11.46,55887.0,11.4,711.0,High,51.24
District_16,2015,Summer,6.85,65261.0,13.1,1763.0,Low,41.9
District_9,2022,Summer,9.91,62829.0,8.6,2156.0,Low,51.81
District_19,2015,Spring,10.13,72421.0,9.5,3315.0,Low,43.94
District_12,2016,Spring,6.78,76960.0,10.2,2589.0,High,26.04
District_19,2023,Summer,7.2,21947.0,16.2,3235.0,Low,53.1
District_9,2014,Winter,12.15,78518.0,15.3,3710.0,Low,39.47
District_7,2020,Winter,9.99,72233.0,9.9,692.0,Low,29.52
District_14,2014,Summer,4.79,42977.0,10.8,1662.0,Low,43.27
District_19,2024,Spring,13.05,70224.0,17.4,1269.0,Low,37.21
District_19,2022,Summer,13.6,64193.0,8.9,1344.0,High,50.71
District_2,2024,Spring,8.59,67587.0,13.5,2764.0,High,32.22
District_9,2024,Summer,5.51,33241.0,13.2,3830.0,High,38.97
District_13,2014,Spring,14.37,58914.0,15.3,1727.0,Low,53.17
District_15,2018,Fall,13.59,21556.0,10.6,4210.0,High,53.0
District_3,2020,Winter,5.93,70894.0,17.3,4516.0,Low,26.46
District_11,2016,Fall,4.15,77063.0,12.1,2077.0,High,16.68
District_14,2022,Winter,8.29,59727.0,10.9,3566.0,Low,39.29
District_8,2021,Spring,11.12,50760.0,11.4,1027.0,High,26.89
District_18,2016,Fall,5.1,63544.0,11.5,3848.0,Low,31.29
District_19,2018,Winter,9.16,39582.0,10.0,1243.0,Low,48.5
District_16,2020,Summer,8.1,57583.0,17.3,3593.0,High,38.75
District_2,2017,Spring,13.69,63138.0,9.7,2399.0,Low,55.13
District_8,2018,Spring,8.15,28561.0,16.8,4678.0,Low,47.69
District_6,2016,Summer,9.41,28404.0,12.0,2590.0,Low,65.06
District_12,2022,Summer,14.46,62968.0,10.7,639.0,Low,48.57
District_15,2023,Winter,6.6,45907.0,10.0,2663.0,High,25.18
District_8,2022,Spring,6.47,73352.0,13.0,4080.0,Low,36.66
District_4,2020,Winter,12.6,38716.0,14.7,3412.0,Low,54.44
District_15,2023,Summer,6.33,22546.0,17.0,4848.0,Low,52.88
District_20,2015,Spring,12.98,58993.0,14.5,4295.0,High,56.79
District_17,2020,Summer,4.15,61054.0,12.8,2869.0,High,31.05
District_13,2020,Winter,4.34,53215.0,8.3,1429.0,Low,23.6
District_18,2024,Winter,13.82,61000.0,17.2,517.0,High,25.61
District_2,2018,Winter,9.49,51425.0,17.0,4912.0,High,34.15
District_13,2022,Spring,11.63,61558.0,11.8,4722.0,High,53.48
District_13,2024,Summer,5.7,22636.0,8.3,1734.0,Low,44.23
District_15,2016,Summer,5.0,42104.0,15.3,3372.0,High,32.23
District_20,2017,Winter,13.02,32649.0,15.9,3782.0,Low,40.28
District_10,2014,Winter,7.3,25960.0,13.4,3101.0,Low,35.78
District_3,2019,Winter,8.46,34046.0,12.0,4293.0,High,42.52
District_19,2017,Winter,3.34,31479.0,16.5,850.0,Low,24.25
District_3,2014,Fall,7.63,78388.0,9.9,4534.0,Low,49.74
District_14,2015,Fall,12.25,37193.0,12.4,2264.0,High,53.33
District_8,2016,Fall,12.86,33858.0,8.2,2663.0,High,50.5
District_4,2022,Winter,11.39,70092.0,9.6,2501.0,High,32.49
District_20,2021,Winter,11.31,45147.0,17.4,2891.0,Low,38.36
District_11,2020,Summer,9.07,45288.0,13.8,3192.0,High,44.96
District_11,2024,Spring,9.46,46615.0,16.1,3697.0,Low,60.29
District_11,2017,Summer,11.91,44992.0,12.9,2862.0,Low,60.59
District_2,2014,Fall,5.97,39594.0,16.3,3581.0,Low,32.67
District_17,2021,Summer,5.78,37180.0,13.4,2022.0,Low,36.03
District_9,2017,Winter,14.4,72918.0,8.0,4715.0,High,43.8
District_2,2016,Fall,3.33,29702.0,17.0,790.0,High,10.19
District_15,2022,Fall,4.67,30864.0,9.5,2955.0,High,26.93
District_16,2023,Spring,9.84,54303.0,12.5,893.0,Low,41.73
District_4,2017,Spring,11.85,40620.0,12.8,2492.0,Low,45.12
District_8,2017,Fall,9.45,45292.0,8.5,1659.0,Low,50.8
District_9,2022,Fall,7.26,68393.0,8.5,4716.0,High,43.45
District_5,2024,Summer,14.74,74218.0,15.6,559.0,High,38.65
District_16,2015,Fall,11.45,67433.0,11.0,2260.0,Low,51.0
District_13,2018,Winter,12.98,34096.0,12.1,4019.0,Low,57.62
District_7,2017,Summer,3.48,78798.0,13.6,1348.0,High,21.68
District_20,2022,Winter,5.83,41791.0,11.7,4170.0,Low,36.64
District_17,2018,Winter,7.49,30144.0,15.8,4369.0,High,23.82
District_3,2022,Winter,5.19,49970.0,16.8,3686.0,High,17.23
District_5,2024,Fall,3.87,63517.0,8.6,1441.0,Low,30.1
District_19,2022,Spring,5.7,24996.0,14.4,1724.0,Low,36.02
District_12,2015,Spring,9.4,58057.0,11.2,1251.0,High,26.42
District_7,2022,Winter,11.35,71485.0,13.8,1328.0,Low,27.21
District_9,2016,Fall,12.29,35707.0,12.8,664.0,Low,39.44
District_6,2017,Summer,3.52,61587.0,11.3,4358.0,Low,32.52
District_17,2014,Winter,8.14,43995.0,8.9,2878.0,Low,31.31
District_16,2014,Summer,4.47,44848.0,13.6,1975.0,High,31.89
District_3,2014,Summer,8.17,36849.0,9.1,1803.0,High,42.45
District_4,2022,Fall,8.21,57464.0,9.6,2951.0,Low,46.39
District_10,2024,Fall,8.98,41660.0,17.8,1970.0,Low,37.57
District_5,2021,Spring,13.71,69854.0,11.2,4387.0,High,40.23
District_10,2018,Spring,12.66,77774.0,13.8,1449.0,Low,46.42
District_12,2018,Fall,10.64,76105.0,10.7,4470.0,Low,54.01
District_10,2022,Winter,13.62,29788.0,16.7,3488.0,Low,50.63
District_13,2016,Spring,11.14,20851.0,10.8,4805.0,Low,58.47
District_11,2016,Summer,12.83,46308.0,11.7,568.0,Low,51.69
District_16,2020,Winter,9.77,63733.0,14.1,766.0,High,22.68
District_8,2022,Summer,9.3,78647.0,16.7,2754.0,Low,39.18
District_8,2019,Fall,11.69,67005.0,16.2,4606.0,High,47.14
District_8,2015,Summer,3.24,54833.0,10.6,3789.0,Low,48.59
District_13,2014,Winter,11.28,21581.0,16.3,3300.0,Low,51.17
District_2,2015,Fall,14.21,69532.0,15.0,642.0,High,37.5
District_12,2014,Winter,11.57,30629.0,17.9,2094.0,High,29.24
District_10,2023,Summer,3.44,23336.0,17.4,2056.0,High,24.41
District_12,2023,Winter,7.53,71022.0,13.3,2939.0,Low,34.07
District_11,2022,Fall,12.71,53975.0,15.5,1660.0,High,45.45
District_15,2023,Summer,14.5,27713.0,13.7,1702.0,High,56.27
District_16,2021,Summer,7.44,43193.0,13.9,3294.0,Low,39.56
District_17,2020,Spring,13.09,25133.0,9.0,4751.0,High,53.56
District_2,2016,Spring,13.37,58281.0,8.0,3471.0,High,50.31
District_18,2021,Winter,4.48,36946.0,8.5,3507.0,Low,39.63
District_12,2015,Spring,13.15,71966.0,17.7,4938.0,Low,64.68
District_19,2015,Spring,6.89,41468.0,9.3,1191.0,High,29.68
District_18,2024,Spring,10.12,49678.0,8.4,652.0,Low,48.7
District_17,2023,Spring,9.47,23811.0,11.1,3855.0,Low,46.83
District_6,2016,Fall,10.96,36536.0,13.9,2475.0,Low,46.94
District_15,2020,Fall,11.89,60606.0,17.5,2430.0,Low,47.2
District_3,2014,Spring,8.29,64176.0,15.0,1514.0,Low,24.38
District_6,2021,Winter,13.66,34569.0,10.8,2781.0,Low,54.77
District_3,2020,Fall,12.71,50229.0,17.4,2490.0,High,37.44
District_1,2017,Spring,12.43,69052.0,8.4,2055.0,Low,52.73
District_13,2018,Fall,8.5,42795.0,17.8,2492.0,Low,35.94
District_14,2023,Summer,3.45,28026.0,8.6,2227.0,Low,45.13
District_13,2014,Fall,8.91,45912.0,15.5,4730.0,Low,54.32
District_4,2017,Fall,13.78,56038.0,8.5,4911.0,High,61.06
District_7,2014,Winter,5.29,20444.0,17.3,4280.0,High,26.25
District_10,2014,Fall,14.79,40914.0,9.1,4957.0,High,64.47
District_7,2023,Winter,12.69,56446.0,8.5,1696.0,High,36.76
District_15,2014,Summer,11.52,77115.0,16.9,4293.0,Low,51.02
District_15,2020,Spring,11.13,44513.0,9.0,2330.0,Low,57.79
District_4,2020,Winter,10.04,29778.0,16.0,3858.0,Low,38.81
District_6,2017,Fall,11.65,52053.0,15.5,1406.0,Low,47.56
District_20,2015,Fall,8.06,37145.0,14.0,4154.0,High,40.43
District_5,2016,Winter,13.14,32887.0,11.8,876.0,Low,40.52
District_20,2021,Summer,11.36,55424.0,17.2,1718.0,Low,43.35
District_12,2021,Spring,12.26,74953.0,16.7,4199.0,Low,51.83
District_1,2024,Fall,12.51,70113.0,12.3,3862.0,High,46.14
District_8,2024,Summer,4.1,30938.0,10.3,2756.0,High,35.37
District_1,2019,Spring,3.67,65953.0,10.7,3528.0,High,22.06
District_5,2023,Spring,12.61,33792.0,10.2,1335.0,Low,61.92
District_6,2022,Fall,6.11,37442.0,13.4,3505.0,High,34.71
District_3,2024,Winter,9.98,75203.0,16.7,536.0,Low,32.32
District_15,2022,Fall,8.32,74663.0,15.7,4249.0,Low,40.31
District_5,2017,Fall,3.26,30118.0,16.0,2823.0,Low,36.15
District_14,2014,Fall,3.48,23852.0,12.5,4747.0,High,30.31
District_18,2014,Summer,12.93,37587.0,11.2,2652.0,Low,61.76
District_16,2023,Winter,10.29,54907.0,15.6,2449.0,Low,30.15
District_6,2018,Summer,9.29,72614.0,15.9,2525.0,High,36.24
District_14,2015,Fall,14.33,27130.0,15.0,2119.0,Low,53.05
District_8,2019,Winter,5.08,44898.0,8.3,1250.0,Low,25.3
District_7,2020,Spring,6.1,36305.0,13.9,4289.0,High,26.0
District_8,2014,Winter,12.08,20896.0,11.5,2251.0,Low,39.87
District_13,2019,Fall,12.3,67307.0,10.0,2881.0,High,43.93
District_6,2021,Winter,7.86,68797.0,14.9,589.0,Low,19.58
District_18,2018,Spring,14.41,33274.0,10.7,771.0,Low,58.32
District_2,2020,Spring,14.26,29074.0,17.1,3187.0,High,47.46
District_8,2023,Winter,3.15,28674.0,11.0,4457.0,High,28.19
District_11,2019,Spring,5.07,47837.0,13.6,2720.0,High,33.74
District_1,2017,Summer,12.84,34790.0,16.3,1242.0,Low,60.08
District_6,2020,Winter,7.02,50681.0,12.0,1023.0,High,18.15
District_16,2023,Spring,4.15,43091.0,16.3,4549.0,Low,38.63
District_20,2022,Spring,12.42,32653.0,15.2,3657.0,High,52.45
District_12,2023,Winter,8.46,65072.0,17.2,4848.0,High,23.2
District_11,2023,Summer,8.91,29022.0,11.3,871.0,High,43.75
District_10,2020,Winter,5.24,67934.0,9.1,4562.0,High,31.07
District_3,2018,Spring,10.93,53687.0,12.3,4305.0,High,44.3
District_13,2020,Winter,9.61,69922.0,15.9,4519.0,Low,40.59
District_3,2016,Spring,5.48,20286.0,12.5,526.0,Low,43.96
District_15,2015,Fall,7.08,64951.0,10.6,3839.0,Low,40.74
District_16,2024,Winter,10.16,23091.0,8.3,2970.0,High,38.23
District_13,2018,Winter,14.1,77006.0,11.1,3079.0,Low,51.58
District_17,2017,Spring,14.04,62164.0,15.1,2611.0,Low,48.06
District_3,2018,Spring,6.45,39210.0,9.5,3842.0,Low,45.94
District_20,2021,Spring,11.83,39191.0,11.4,4999.0,High,45.18
District_11,2017,Spring,12.31,71690.0,8.2,3697.0,High,37.44
District_19,2022,Winter,12.71,74170.0,15.2,3551.0,Low,44.28
District_11,2020,Spring,9.85,73494.0,16.8,3445.0,Low,34.46
District_16,2023,Winter,3.13,68524.0,13.7,3628.0,Low,17.13
District_3,2020,Summer,12.14,69142.0,8.3,2040.0,High,52.96
District_6,2021,Winter,4.28,54366.0,10.2,1941.0,High,16.04
District_14,2019,Spring,4.4,21694.0,12.4,4030.0,Low,41.27
District_18,2021,Spring,10.27,25206.0,13.9,739.0,Low,42.37
District_17,2016,Summer,14.8,58973.0,13.0,3917.0,Low,74.64
District_4,2023,Winter,5.91,44070.0,17.2,4162.0,High,31.69
District_15,2023,Summer,10.75,54039.0,17.4,2847.0,Low,52.96
District_11,2014,Winter,6.64,33865.0,9.1,4596.0,High,20.08
District_3,2019,Spring,13.78,58965.0,9.4,2629.0,High,47.95
District_3,2014,Winter,10.12,34570.0,11.6,1301.0,Low,34.16
District_16,2022,Spring,5.49,47649.0,12.2,2126.0,Low,32.5
District_5,2015,Spring,6.15,48723.0,13.9,4576.0,High,34.33
District_10,2024,Fall,8.19,30660.0,15.7,4972.0,Low,50.59
District_19,2015,Fall,4.46,72572.0,9.4,2398.0,Low,26.26
District_4,2020,Winter,3.94,51549.0,16.0,1251.0,Low,13.39
District_19,2015,Spring,11.16,72007.0,14.1,1788.0,High,38.11
District_11,2023,Summer,7.89,35752.0,17.8,2990.0,High,43.46
District_2,2021,Spring,11.71,30340.0,14.5,3074.0,Low,60.27
District_10,2019,Summer,4.32,21081.0,15.2,3335.0,Low,35.73
District_11,2020,Winter,10.32,25632.0,10.0,4259.0,Low,50.02
District_20,2020,Winter,8.32,28848.0,15.7,3700.0,High,25.25
District_16,2019,Summer,3.7,24731.0,8.8,1674.0,Low,45.09
District_19,2023,Summer,9.54,73813.0,14.6,2278.0,Low,43.57
District_11,2024,Spring,3.99,74686.0,8.6,4279.0,Low,31.99
District_14,2022,Winter,12.93,76242.0,9.2,3350.0,Low,56.19
District_2,2022,Spring,10.58,77592.0,9.1,1249.0,Low,40.6
District_5,2020,Summer,9.68,49510.0,8.5,1965.0,High,49.21
District_5,2022,Fall,4.6,51801.0,11.2,4060.0,Low,36.65
District_19,2023,Fall,6.45,27850.0,17.9,1274.0,Low,36.76
District_12,2016,Fall,8.91,28223.0,11.5,3610.0,Low,50.78
District_18,2016,Summer,10.6,66365.0,15.6,3036.0,Low,44.85
District_4,2014,Spring,5.2,71344.0,9.3,1164.0,High,26.22
District_17,2018,Winter,3.11,67083.0,12.5,3600.0,Low,19.42
District_10,2017,Summer,7.14,70075.0,9.9,1141.0,Low,41.45
District_20,2015,Fall,8.79,36594.0,9.9,2293.0,High,31.96
District_6,2022,Spring,5.21,47964.0,9.0,1889.0,Low,29.62
District_14,2016,Winter,8.91,47552.0,12.3,3605.0,Low,48.32
District_11,2021,Winter,7.06,79717.0,8.8,4021.0,High,26.7
District_11,2019,Summer,8.46,76951.0,17.1,1257.0,High,25.76
District_18,2018,Summer,7.17,55909.0,12.5,4154.0,High,37.41
District_18,2014,Winter,10.54,28278.0,16.4,532.0,High,20.43
District_11,2017,Winter,3.51,35516.0,17.8,2885.0,High,14.24
District_12,2016,Fall,5.05,41826.0,14.8,2826.0,Low,42.15
District_5,2014,Winter,8.19,72393.0,17.0,3307.0,High,23.62
District_9,2018,Summer,7.28,30238.0,9.4,1579.0,Low,52.09
District_9,2019,Spring,7.7,33185.0,16.3,544.0,High,22.04
District_10,2015,Fall,12.65,40963.0,10.7,2546.0,Low,60.57
District_19,2016,Fall,13.64,75615.0,12.7,821.0,High,47.23
District_1,2024,Winter,5.98,50229.0,14.5,4515.0,Low,32.17
District_7,2019,Spring,13.04,58810.0,17.0,1281.0,High,36.37
District_4,2017,Fall,8.51,43233.0,17.1,2414.0,High,36.71
District_1,2022,Summer,6.29,31311.0,8.9,2453.0,High,49.21
District_15,2018,Winter,14.83,33368.0,11.6,2988.0,Low,57.08
District_8,2017,Summer,12.9,68160.0,15.9,4021.0,High,52.39
District_12,2015,Winter,14.93,73609.0,15.0,2625.0,Low,44.86
District_18,2019,Fall,5.02,49585.0,8.3,616.0,High,25.31
District_15,2023,Winter,4.73,41420.0,12.5,3970.0,High,20.8
District_17,2015,Spring,9.04,68470.0,16.3,870.0,High,28.52
District_14,2020,Summer,10.66,60386.0,15.4,3387.0,Low,60.77
District_14,2016,Spring,5.05,22452.0,12.1,4115.0,High,27.46
District_18,2022,Summer,13.33,41044.0,15.4,1772.0,High,46.6
District_20,2024,Summer,9.38,60930.0,13.5,2521.0,Low,45.67
District_18,2018,Winter,7.93,54421.0,17.1,565.0,High,11.64
District_16,2021,Fall,10.22,78684.0,13.9,4117.0,Low,46.03
District_1,2024,Fall,10.62,71967.0,12.0,3665.0,High,35.4
District_11,2019,Spring,3.51,23584.0,16.6,1541.0,Low,28.64
District_15,2023,Winter,15.0,63546.0,8.5,2256.0,Low,47.41
District_12,2021,Fall,7.37,40180.0,17.0,3629.0,High,35.69
District_8,2024,Summer,3.74,60925.0,15.0,2112.0,High,23.05
District_20,2016,Summer,13.23,57033.0,17.4,1231.0,Low,45.5
District_6,2016,Winter,14.92,50183.0,10.5,2833.0,Low,49.19
District_3,2018,Spring,12.8,71177.0,14.9,3756.0,Low,55.54
District_13,2024,Winter,13.22,62521.0,16.1,1944.0,Low,36.9
District_13,2023,Spring,10.51,73373.0,15.0,1048.0,High,35.13
District_2,2016,Winter,14.07,36896.0,10.1,4233.0,Low,48.61
District_5,2021,Summer,3.43,40888.0,10.8,1638.0,Low,31.34
District_17,2023,Winter,12.2,57317.0,13.7,2808.0,Low,41.74
District_6,2021,Fall,11.05,77988.0,12.5,3611.0,Low,49.13
District_2,2015,Fall,3.6,42295.0,15.4,1927.0,Low,31.39
District_4,2017,Winter,9.53,21938.0,11.8,3419.0,Low,44.99
District_11,2023,Spring,9.18,46753.0,16.6,2569.0,Low,39.44
District_8,2014,Spring,11.3,52636.0,12.3,3067.0,High,37.87
District_12,2017,Summer,3.93,68059.0,8.4,3158.0,High,26.73
District_8,2024,Summer,12.66,63716.0,8.2,4209.0,High,52.99
District_11,2017,Spring,4.67,77880.0,14.5,3453.0,Low,29.5
District_20,2023,Winter,8.02,66961.0,13.4,1689.0,Low,19.45
District_8,2022,Summer,13.58,37918.0,13.4,768.0,High,49.81
District_8,2016,Spring,9.73,58483.0,15.9,509.0,High,25.52
District_17,2015,Spring,7.56,60334.0,11.8,4570.0,High,35.2
District_20,2022,Winter,3.58,79881.0,18.0,4739.0,High,15.92
District_20,2022,Fall,11.07,28324.0,17.5,924.0,Low,46.71
District_16,2014,Spring,14.84,31480.0,8.1,2692.0,Low,66.96
District_14,2019,Summer,13.94,29331.0,17.0,1182.0,Low,60.31
District_11,2023,Winter,11.61,55344.0,14.8,4769.0,Low,44.11
District_7,2021,Winter,4.26,28118.0,13.0,1611.0,Low,28.22
District_16,2016,Winter,5.87,59360.0,13.8,2757.0,Low,31.33
District_13,2024,Fall,5.24,68226.0,16.4,1245.0,Low,12.95
District_15,2022,Fall,7.27,45968.0,17.5,1997.0,Low,43.6
District_16,2015,Summer,5.83,53641.0,13.6,1701.0,Low,39.69
District_9,2019,Summer,5.93,74763.0,9.8,2639.0,Low,44.78
District_3,2014,Winter,10.4,54174.0,14.4,2389.0,High,33.06
District_19,2020,Summer,6.82,32516.0,8.8,1989.0,Low,48.7
District_20,2016,Spring,11.13,40592.0,14.4,976.0,High,32.22
District_5,2020,Fall,14.37,51791.0,16.1,2680.0,High,46.62
District_10,2017,Winter,10.66,29294.0,11.5,4326.0,High,54.5
District_17,2022,Winter,12.02,56751.0,8.7,3786.0,High,40.68
District_15,2018,Spring,12.02,79955.0,14.9,3743.0,Low,45.16
District_8,2016,Spring,6.97,59152.0,11.4,2147.0,High,34.31
District_15,2021,Spring,3.18,42345.0,10.5,3688.0,Low,25.73
District_14,2019,Spring,3.66,39905.0,14.9,2595.0,High,19.51
District_20,2015,Winter,6.38,75896.0,17.7,1176.0,Low,14.23
District_7,2016,Fall,11.27,72291.0,15.5,2386.0,Low,47.19
District_12,2021,Fall,13.88,48342.0,12.9,1097.0,High,43.51
District_17,2023,Spring,14.51,41205.0,14.0,1015.0,Low,47.62
District_17,2020,Summer,3.31,62628.0,9.4,604.0,Low,34.51
District_10,2023,Winter,14.88,38870.0,16.1,1773.0,Low,43.46
District_19,2019,Fall,6.87,27164.0,14.0,1989.0,Low,39.79
District_14,2014,Spring,13.12,38609.0,17.7,3647.0,Low,52.15
District_11,2022,Summer,5.16,46058.0,17.8,2921.0,High,31.04
District_2,2016,Summer,3.75,35325.0,11.5,4363.0,Low,43.34
District_18,2018,Spring,7.54,33009.0,17.9,1294.0,Low,18.44
District_7,2020,Winter,13.31,20368.0,17.6,1697.0,High,29.16
District_12,2020,Fall,5.65,57851.0,14.4,4735.0,Low,40.57
District_2,2016,Summer,4.85,56867.0,11.3,2498.0,Low,36.45
District_20,2017,Fall,13.92,31282.0,15.5,4051.0,High,57.68
District_18,2023,Fall,14.26,76619.0,10.7,2715.0,Low,51.48
District_6,2020,Summer,3.15,44574.0,14.3,2620.0,Low,37.64
District_10,2021,Spring,11.73,21529.0,8.2,1167.0,High,49.39
District_20,2015,Summer,6.71,33186.0,14.3,4330.0,Low,51.38
District_15,2022,Summer,7.5,61524.0,17.5,853.0,Low,36.6
District_5,2020,Winter,8.63,32097.0,10.4,1896.0,High,28.42
District_20,2021,Fall,8.12,23235.0,15.8,3531.0,Low,48.01
District_3,2019,Spring,9.18,57062.0,10.9,2783.0,Low,43.37
District_5,2019,Fall,9.99,51101.0,15.1,4466.0,Low,51.76
District_8,2022,Summer,8.59,65676.0,15.0,677.0,High,27.21
District_8,2017,Spring,11.42,66358.0,9.8,3422.0,Low,51.57
District_8,2024,Spring,11.62,77596.0,14.0,2649.0,Low,42.07
District_12,2024,Spring,8.28,23421.0,16.6,1194.0,Low,37.1
District_8,2018,Spring,4.71,22339.0,11.8,3845.0,Low,49.68
District_11,2022,Winter,10.69,79232.0,15.1,2351.0,High,22.58
District_14,2014,Spring,12.28,58691.0,14.7,2892.0,High,44.52
District_8,2017,Summer,10.66,62922.0,10.6,4853.0,High,53.81
District_10,2020,Winter,10.06,25789.0,17.2,2688.0,Low,40.39
District_7,2024,Summer,5.75,24189.0,13.6,4205.0,Low,51.16
District_17,2022,Summer,10.74,29615.0,11.6,3963.0,Low,62.85
District_4,2024,Fall,7.02,45632.0,9.6,3482.0,Low,43.59
District_13,2023,Spring,14.03,26611.0,12.7,4536.0,High,64.56
District_4,2019,Spring,10.84,46780.0,15.3,1632.0,High,38.98
District_5,2021,Summer,6.34,53692.0,14.2,4193.0,High,36.35
District_4,2022,Spring,8.68,20020.0,15.3,2200.0,Low,44.36
District_18,2023,Winter,13.16,26855.0,15.9,4156.0,Low,55.25
District_6,2017,Fall,7.03,42512.0,12.4,2722.0,Low,36.65
District_2,2014,Spring,9.31,23200.0,13.2,4360.0,Low,49.75
District_11,2021,Spring,11.16,28012.0,17.9,4527.0,Low,44.02
District_14,2015,Winter,12.05,33908.0,17.7,3189.0,High,32.88
District_5,2024,Fall,5.09,45776.0,12.1,2784.0,Low,43.01
District_6,2014,Winter,9.78,62890.0,14.9,4025.0,High,27.83
District_10,2020,Summer,13.95,27961.0,10.7,1701.0,High,66.05
District_8,2023,Summer,14.62,64278.0,9.5,569.0,Low,56.91
District_14,2022,Spring,10.87,71304.0,15.7,2332.0,Low,42.69
District_3,2024,Fall,14.8,59089.0,12.4,2785.0,High,47.75
District_12,2022,Summer,9.85,22624.0,9.8,1838.0,High,35.78
District_16,2016,Winter,8.31,46439.0,15.6,2225.0,High,20.52
District_17,2019,Summer,9.62,59604.0,17.2,1099.0,High,27.05
District_1,2020,Summer,4.39,78711.0,17.3,1748.0,Low,28.25
District_10,2023,Winter,7.82,77109.0,14.0,1580.0,Low,32.14
District_10,2022,Spring,8.5,43742.0,12.8,1854.0,Low,39.69
District_2,2015,Fall,13.18,56956.0,9.4,1846.0,High,47.39
District_9,2021,Spring,12.1,73449.0,15.9,3015.0,High,35.29
District_13,2020,Winter,10.22,69863.0,17.5,1628.0,High,23.98
District_16,2017,Summer,7.17,48765.0,16.9,4734.0,Low,59.32
District_18,2015,Fall,5.24,35674.0,15.5,2801.0,Low,43.07
District_19,2021,Spring,7.17,28226.0,8.0,1080.0,High,29.81
District_12,2024,Winter,11.16,49279.0,12.1,1758.0,High,37.6
District_8,2018,Summer,6.16,63371.0,12.1,3784.0,High,36.63
District_17,2019,Summer,8.12,78186.0,16.9,561.0,High,29.48
District_15,2024,Spring,7.64,71709.0,8.7,4720.0,High,32.72
District_10,2020,Winter,12.19,32254.0,13.3,2503.0,Low,46.38
District_15,2023,Summer,13.61,63187.0,9.4,2845.0,Low,64.6
District_15,2014,Summer,11.39,37346.0,14.6,4948.0,High,52.83
District_7,2021,Fall,7.1,61008.0,15.9,2765.0,High,27.42
District_13,2017,Summer,8.2,59948.0,14.4,4765.0,High,40.83
District_17,2022,Spring,4.72,36346.0,15.9,4619.0,High,26.48
District_9,2014,Winter,5.02,34063.0,14.1,4736.0,Low,32.28
District_8,2024,Winter,4.97,26236.0,9.9,4156.0,Low,33.97
District_20,2015,Fall,4.57,23032.0,11.8,1834.0,Low,38.18
District_18,2019,Winter,5.15,71507.0,17.6,2059.0,Low,17.06
District_13,2024,Spring,5.43,22991.0,10.9,2142.0,Low,36.98
District_16,2023,Summer,4.34,25324.0,8.6,4906.0,High,35.65
District_9,2024,Fall,10.68,34331.0,11.8,2123.0,High,43.77
District_12,2014,Winter,14.88,73259.0,11.7,989.0,High,37.91
District_12,2017,Fall,13.55,39976.0,12.7,4002.0,Low,57.5
District_6,2021,Fall,3.55,31508.0,13.6,2147.0,Low,32.5
District_19,2023,Winter,8.08,62933.0,17.9,3294.0,Low,26.98
District_7,2018,Fall,13.31,39144.0,15.6,4660.0,Low,64.42
District_3,2022,Winter,4.62,40002.0,8.4,3090.0,Low,30.97
District_16,2024,Spring,13.17,64339.0,15.1,3370.0,Low,49.8
District_18,2024,Winter,10.11,35099.0,16.2,3393.0,Low,41.61
District_16,2019,Summer,14.18,73806.0,17.0,3256.0,Low,55.08
District_7,2014,Winter,13.51,53685.0,12.2,1219.0,High,31.7
District_4,2019,Summer,11.12,52270.0,11.1,2554.0,High,43.42
District_8,2019,Fall,10.89,35885.0,16.4,534.0,High,29.85
District_13,2019,Winter,5.56,70106.0,15.8,3318.0,Low,22.68
District_13,2021,Summer,4.4,54365.0,13.4,3089.0,Low,38.82
District_17,2019,Winter,7.98,29331.0,9.2,1932.0,High,28.37
District_17,2018,Winter,5.24,32378.0,14.5,2858.0,Low,31.77
District_5,2024,Winter,4.23,48095.0,8.7,2719.0,Low,24.09
District_6,2015,Spring,6.63,66779.0,9.0,1629.0,Low,46.88
District_19,2017,Summer,13.33,76358.0,11.3,1820.0,Low,56.12
District_13,2023,Spring,3.21,59810.0,11.7,3931.0,Low,37.98
District_14,2018,Spring,6.51,50369.0,12.6,3901.0,High,34.22
District_4,2023,Summer,8.09,35044.0,11.4,2614.0,Low,52.02
District_7,2017,Winter,9.13,60372.0,8.3,3729.0,High,35.87
District_8,2015,Spring,5.18,78934.0,9.6,2529.0,Low,34.82
District_13,2020,Spring,14.57,48573.0,9.2,4331.0,High,56.1
District_6,2023,Spring,9.95,29729.0,12.3,1998.0,Low,60.06
District_6,2023,Winter,9.27,26200.0,10.1,4673.0,Low,55.7
District_3,2015,Spring,3.11,36155.0,10.9,2940.0,Low,26.26
District_3,2014,Fall,8.83,54167.0,12.7,2911.0,Low,50.22
District_13,2018,Summer,13.05,76808.0,10.4,3519.0,Low,61.66
District_2,2014,Fall,5.64,37950.0,10.5,2034.0,High,37.22
District_16,2014,Winter,7.21,38323.0,16.3,3759.0,Low,32.6
District_6,2014,Spring,3.25,48871.0,13.5,1942.0,High,5.45
District_8,2019,Summer,14.72,75113.0,16.6,2289.0,Low,54.08
District_8,2022,Spring,3.8,45143.0,13.1,3536.0,Low,26.18
District_6,2023,Winter,13.78,33394.0,17.1,2203.0,Low,42.55
District_14,2024,Summer,6.76,29788.0,10.5,1400.0,Low,43.22
District_3,2014,Fall,10.05,47421.0,14.2,4424.0,Low,54.01
District_10,2018,Summer,11.15,68041.0,13.0,4650.0,Low,59.86
District_3,2022,Spring,4.69,37481.0,17.2,3320.0,Low,36.08
District_12,2022,Summer,8.33,50751.0,12.2,4150.0,High,46.24
District_17,2014,Winter,6.91,56180.0,16.5,4940.0,Low,43.82
District_5,2021,Winter,3.68,47028.0,13.6,3266.0,High,15.31
District_20,2014,Summer,13.0,31501.0,15.1,4590.0,Low,69.02
District_9,2021,Winter,3.54,75305.0,16.9,2117.0,Low,18.46
District_20,2014,Winter,10.84,53927.0,18.0,3652.0,Low,35.77
District_7,2018,Winter,6.77,63748.0,15.3,751.0,Low,14.98
District_4,2021,Fall,5.31,58163.0,11.1,4050.0,High,32.39
District_13,2019,Spring,11.01,79883.0,11.0,4234.0,High,39.24
District_13,2022,Winter,9.89,47379.0,11.1,2305.0,High,34.36
District_10,2014,Summer,6.78,45498.0,9.0,3375.0,Low,54.95
District_18,2022,Winter,9.16,41608.0,8.5,4363.0,High,43.14
District_17,2014,Fall,5.95,41698.0,13.8,4476.0,Low,39.32
District_20,2023,Summer,13.36,36546.0,16.1,979.0,Low,51.89
District_20,2023,Spring,6.77,78838.0,8.4,4224.0,Low,43.93
District_13,2016,Summer,5.94,72247.0,13.7,1734.0,High,24.66
District_17,2014,Summer,12.02,39000.0,11.7,3773.0,High,56.09
District_4,2016,Summer,3.21,38314.0,16.9,1963.0,Low,38.05
District_1,2024,Summer,6.22,26212.0,9.5,753.0,Low,43.92
District_1,2015,Winter,7.5,72622.0,13.6,1444.0,Low,18.79
District_15,2015,Spring,13.59,42306.0,17.7,2339.0,High,31.16
District_13,2022,Winter,14.41,54357.0,11.5,3836.0,Low,48.46
District_17,2021,Fall,11.6,74023.0,15.4,953.0,Low,33.71
District_8,2014,Fall,8.91,44486.0,16.8,4158.0,High,39.59
District_18,2017,Summer,10.69,68412.0,9.9,4986.0,Low,61.31
District_13,2014,Winter,7.97,45817.0,17.9,4047.0,Low,34.64
District_14,2014,Winter,6.59,62056.0,16.1,2632.0,High,19.57
District_8,2017,Spring,14.41,45871.0,9.4,3057.0,High,59.75
District_8,2015,Spring,4.38,43566.0,11.1,528.0,Low,27.93
District_15,2016,Spring,7.16,79443.0,14.2,1442.0,Low,33.76
District_13,2024,Winter,13.79,56741.0,16.8,4545.0,High,41.51
District_7,2022,Spring,11.68,42043.0,9.9,598.0,High,30.95
District_5,2015,Spring,3.35,35469.0,15.3,4572.0,Low,28.03
District_17,2017,Spring,3.28,22386.0,10.7,1010.0,Low,29.46
District_16,2014,Summer,9.2,62394.0,16.1,1099.0,Low,41.86
District_2,2015,Fall,8.81,42329.0,14.8,1289.0,High,32.11
District_18,2018,Fall,8.32,69275.0,13.2,4097.0,High,33.47
District_17,2023,Winter,6.63,41832.0,14.5,2652.0,Low,22.27
District_7,2014,Winter,14.84,42400.0,16.8,1153.0,High,32.6
District_13,2024,Summer,6.26,66751.0,11.9,3591.0,Low,35.37
District_18,2020,Fall,8.88,49368.0,15.7,4733.0,High,37.28
District_14,2017,Spring,7.86,73094.0,9.6,3076.0,High,35.12
District_18,2019,Spring,5.04,55408.0,15.0,944.0,Low,28.26
District_13,2021,Winter,5.43,34439.0,15.5,746.0,Low,19.63
District_11,2019,Fall,14.02,54096.0,12.4,4081.0,Low,63.77
District_16,2015,Winter,13.3,20240.0,15.9,3317.0,Low,45.63
District_17,2014,Winter,5.39,38744.0,13.6,4652.0,Low,31.84
District_8,2021,Spring,13.51,32477.0,17.4,2963.0,Low,46.14
District_19,2021,Spring,5.51,59251.0,9.1,781.0,High,19.45
District_20,2022,Fall,10.52,28162.0,9.3,2317.0,Low,50.84
District_15,2019,Winter,3.98,37406.0,16.4,3461.0,High,13.24
District_9,2014,Summer,13.56,39879.0,16.4,2232.0,Low,56.84
District_20,2022,Fall,3.62,20198.0,12.7,4998.0,Low,44.54
District_10,2016,Winter,9.66,22806.0,17.6,2324.0,Low,27.24
District_12,2024,Fall,12.36,38668.0,14.8,2958.0,Low,49.87
District_20,2019,Fall,4.4,33341.0,17.8,1514.0,High,22.61
District_1,2023,Fall,7.85,27014.0,13.3,1185.0,Low,45.79
District_20,2023,Summer,3.5,29250.0,10.0,3404.0,Low,44.85
District_9,2024,Summer,11.19,70132.0,12.4,3149.0,Low,54.85
District_15,2022,Spring,6.69,60999.0,17.8,520.0,Low,19.69
District_1,2024,Spring,9.71,49047.0,11.7,1782.0,High,32.7
District_12,2016,Winter,14.19,74532.0,17.6,3396.0,Low,48.03
District_3,2018,Fall,6.67,21773.0,16.0,4155.0,Low,38.68
District_11,2018,Winter,3.58,40696.0,12.4,1906.0,Low,23.87
District_2,2023,Spring,11.11,69403.0,13.4,3413.0,Low,50.96
District_16,2020,Summer,12.44,57697.0,14.1,1694.0,High,43.69
District_9,2017,Spring,14.49,78901.0,14.7,3607.0,Low,53.82
District_15,2024,Winter,4.89,76671.0,8.8,3641.0,Low,29.09
District_12,2017,Spring,7.71,30197.0,17.3,1086.0,Low,37.16
District_1,2020,Winter,13.13,78319.0,14.0,3493.0,Low,45.56
District_13,2022,Winter,12.68,76732.0,17.3,2001.0,Low,38.36
District_14,2024,Winter,10.5,42417.0,14.3,1277.0,High,24.56
District_8,2017,Winter,6.23,78973.0,12.3,2752.0,Low,25.08
District_8,2017,Spring,6.41,22151.0,13.7,2535.0,Low,43.38
District_12,2019,Winter,4.49,59645.0,16.3,3982.0,Low,20.47
District_1,2019,Winter,14.06,35969.0,11.3,880.0,Low,42.5
District_11,2020,Fall,5.08,27768.0,17.6,4054.0,Low,49.48
District_8,2014,Winter,9.87,54652.0,12.7,977.0,Low,35.87
District_10,2024,Spring,10.01,38381.0,17.6,1434.0,Low,38.78
District_19,2016,Winter,7.44,60010.0,16.8,2821.0,Low,24.77
District_11,2022,Summer,7.23,52399.0,15.7,2584.0,Low,37.7
District_7,2019,Summer,11.02,43555.0,12.7,4950.0,Low,62.96
District_11,2019,Winter,7.66,30909.0,13.9,3153.0,Low,36.62
District_17,2018,Summer,6.06,56075.0,16.4,1973.0,High,28.48
District_1,2024,Summer,7.79,69754.0,13.4,4551.0,High,32.73
District_8,2016,Spring,12.69,56000.0,15.4,1905.0,High,31.37
District_6,2024,Fall,14.6,56631.0,15.9,1732.0,Low,53.59
District_18,2018,Summer,10.63,50710.0,13.1,2725.0,Low,55.95
District_6,2014,Summer,12.39,43294.0,13.4,4609.0,Low,69.45
District_5,2016,Fall,9.39,47447.0,10.0,3688.0,High,50.76
District_13,2017,Fall,10.5,79373.0,10.4,3549.0,High,38.19
District_19,2018,Summer,14.86,64980.0,17.0,3767.0,Low,65.0
District_8,2023,Winter,8.26,45834.0,16.4,3468.0,Low,29.58
District_9,2022,Summer,3.8,47438.0,8.1,3919.0,Low,33.1
District_17,2017,Winter,14.48,49978.0,16.7,1367.0,High,28.23
District_3,2016,Winter,12.52,59559.0,8.3,1298.0,Low,42.6
District_19,2023,Winter,7.78,47957.0,12.6,2130.0,Low,43.82
District_11,2014,Fall,14.79,61171.0,8.7,4329.0,Low,58.79
District_17,2023,Summer,7.15,39751.0,17.7,3715.0,High,39.07
District_19,2019,Summer,7.47,44638.0,17.7,3049.0,High,30.43
District_2,2020,Spring,10.32,71843.0,14.1,588.0,Low,39.16
District_8,2023,Fall,6.29,39734.0,11.9,1561.0,Low,37.74
District_19,2021,Spring,11.38,77866.0,13.1,4116.0,High,35.43
District_7,2014,Spring,4.83,30350.0,15.6,1591.0,Low,35.81
District_17,2017,Winter,4.3,34501.0,10.2,3786.0,High,25.94
District_6,2024,Fall,9.42,47821.0,12.4,1331.0,Low,42.88
District_19,2018,Spring,9.67,67845.0,15.4,3229.0,High,33.77
District_6,2015,Summer,4.28,63895.0,12.0,3327.0,High,27.02
District_2,2014,Spring,14.57,30468.0,8.3,3884.0,Low,59.52
District_6,2021,Fall,9.88,34201.0,13.1,2473.0,High,39.47
District_5,2019,Summer,4.81,54516.0,15.4,3347.0,High,39.65
District_19,2018,Summer,6.74,37710.0,17.8,2691.0,Low,45.72
District_20,2022,Summer,12.6,45340.0,8.4,4763.0,High,62.09
District_4,2024,Winter,9.28,49196.0,13.4,2848.0,Low,39.89
District_17,2024,Summer,5.26,55655.0,12.5,1443.0,High,26.62
District_11,2015,Winter,4.23,35063.0,10.4,3506.0,Low,21.22
District_4,2023,Winter,8.17,29788.0,14.4,2968.0,Low,32.22
District_13,2021,Spring,7.05,43914.0,9.6,4117.0,High,37.43
District_20,2024,Spring,10.87,24922.0,10.8,1296.0,Low,55.11
District_17,2023,Summer,14.1,51606.0,15.8,1674.0,Low,65.88
District_9,2022,Fall,5.97,70376.0,12.6,4647.0,High,25.33
District_4,2014,Summer,13.26,27139.0,17.9,4685.0,Low,68.49
District_14,2020,Spring,14.05,26764.0,11.9,2490.0,Low,49.55
District_19,2021,Summer,13.82,24813.0,12.6,715.0,High,48.69
District_3,2016,Spring,14.42,70872.0,11.0,1879.0,Low,53.93
District_14,2017,Summer,13.11,24842.0,10.4,1612.0,High,61.94
District_8,2016,Fall,10.12,79008.0,17.2,2366.0,Low,34.25
District_1,2020,Summer,7.92,41500.0,15.5,1930.0,High,32.13
District_10,2022,Fall,8.9,39726.0,11.3,4230.0,Low,57.61
District_18,2016,Fall,13.47,25498.0,15.0,514.0,High,37.73
District_16,2019,Summer,6.62,55138.0,17.7,3401.0,High,28.17
District_8,2021,Fall,4.91,55153.0,8.7,3489.0,Low,33.52
District_1,2019,Fall,4.69,49628.0,10.6,3473.0,High,32.17
District_12,2015,Spring,12.92,38661.0,10.0,2843.0,Low,51.87
District_8,2020,Spring,12.14,42115.0,16.7,3250.0,High,46.34
District_16,2015,Fall,8.97,39230.0,9.8,4147.0,High,37.95
District_18,2015,Winter,6.3,45569.0,11.1,4029.0,Low,33.13
District_4,2015,Summer,11.13,40507.0,13.4,656.0,High,34.42
District_6,2024,Fall,3.46,60531.0,14.2,637.0,Low,20.86
District_12,2014,Summer,9.82,37747.0,16.1,4275.0,Low,61.01
District_9,2024,Spring,7.78,41050.0,12.1,3086.0,Low,40.99
District_15,2014,Summer,14.73,46128.0,13.3,4808.0,High,56.1
District_16,2020,Fall,9.09,20238.0,17.7,2442.0,Low,44.27
District_12,2018,Fall,9.63,49525.0,11.0,1295.0,Low,44.22
District_14,2024,Fall,11.55,35349.0,10.5,2630.0,High,49.37
District_13,2016,Fall,8.81,23369.0,15.1,2464.0,Low,39.24
District_2,2014,Winter,5.69,74661.0,15.7,2827.0,Low,24.0
District_3,2024,Winter,9.45,39345.0,12.1,4136.0,High,41.18
District_10,2023,Winter,14.33,45565.0,10.1,3450.0,Low,51.14
District_9,2019,Fall,7.92,69641.0,15.8,1334.0,Low,33.52
District_20,2024,Winter,11.16,30007.0,14.7,3805.0,High,32.01
District_8,2014,Summer,14.74,71019.0,16.8,3164.0,High,54.39
District_10,2022,Fall,12.96,34498.0,16.4,3102.0,Low,63.55
District_19,2015,Spring,10.91,55342.0,10.1,3552.0,High,37.62
District_3,2014,Fall,11.83,61141.0,16.3,3038.0,High,39.66
District_5,2020,Summer,14.24,74301.0,9.8,2559.0,High,54.16
District_3,2019,Winter,14.52,56458.0,16.6,3382.0,High,39.0
District_16,2019,Fall,14.63,47194.0,15.7,3757.0,Low,58.93
District_17,2018,Winter,10.51,54336.0,13.7,1516.0,High,23.11
District_15,2024,Fall,7.62,32125.0,14.4,2737.0,High,25.18
District_3,2017,Summer,4.6,61344.0,9.0,2562.0,High,30.13
District_12,2024,Fall,7.63,31213.0,8.4,680.0,Low,47.35
District_9,2017,Winter,14.32,53435.0,11.3,4255.0,Low,61.75
District_12,2016,Winter,13.68,58856.0,16.2,2198.0,Low,43.64
District_15,2023,Summer,9.28,73915.0,12.7,827.0,Low,37.0
District_2,2021,Fall,9.44,47011.0,10.2,2561.0,High,32.6
District_18,2020,Spring,6.71,66520.0,16.3,1227.0,High,15.03
District_20,2022,Fall,8.45,30052.0,10.3,3670.0,Low,42.8
District_12,2014,Summer,11.57,29372.0,16.2,3073.0,High,34.98
District_4,2020,Spring,7.83,51488.0,12.5,1716.0,High,21.74
District_16,2023,Summer,5.26,55780.0,12.6,4777.0,High,38.03
District_16,2017,Fall,9.49,57940.0,10.7,1813.0,Low,36.55
District_1,2020,Spring,5.7,64740.0,17.0,2997.0,Low,32.18
District_2,2014,Summer,14.69,37696.0,8.9,4107.0,Low,70.37
District_3,2018,Winter,7.68,57356.0,9.4,2813.0,Low,42.61
District_20,2016,Spring,13.92,31288.0,14.4,4824.0,Low,61.21
District_17,2018,Spring,5.71,33140.0,16.5,4297.0,Low,37.38
District_20,2017,Summer,5.27,24039.0,9.0,4645.0,High,40.8
District_1,2015,Winter,10.4,64820.0,15.3,2177.0,High,20.83
District_20,2024,Spring,12.35,50420.0,15.4,2968.0,Low,51.24
District_6,2017,Summer,9.8,34291.0,13.8,4281.0,High,49.82
District_15,2016,Spring,5.76,53374.0,12.9,4566.0,High,30.99
District_14,2014,Spring,3.45,41254.0,11.2,4750.0,High,23.12
District_20,2023,Spring,10.42,70233.0,11.5,4456.0,High,43.4
District_15,2021,Winter,4.57,51689.0,14.7,3788.0,High,11.25
District_14,2018,Fall,7.12,21789.0,8.7,609.0,Low,37.26
District_5,2017,Fall,11.11,79106.0,13.8,1917.0,High,29.98
District_6,2023,Winter,4.18,24458.0,10.8,1080.0,High,20.1
District_17,2018,Winter,4.53,61757.0,12.7,1196.0,Low,14.28
District_11,2017,Summer,3.74,46235.0,13.6,1809.0,Low,36.09
District_16,2016,Spring,14.95,34959.0,16.9,836.0,Low,38.95
District_12,2018,Winter,7.64,60587.0,13.8,1594.0,Low,30.54
District_15,2017,Summer,13.87,27554.0,10.3,4806.0,High,69.91
District_4,2014,Fall,6.52,71495.0,8.8,1904.0,Low,40.54
District_18,2016,Fall,12.04,35037.0,14.3,1219.0,Low,48.98
District_3,2023,Fall,5.63,41687.0,13.5,3732.0,Low,37.09
District_8,2023,Fall,8.98,57959.0,14.7,4228.0,Low,42.02
District_3,2021,Summer,12.9,20062.0,12.6,1913.0,Low,58.14
District_8,2020,Spring,12.8,48365.0,16.3,1753.0,Low,44.74
District_18,2015,Summer,12.53,73655.0,17.2,1588.0,Low,52.52
District_10,2014,Spring,12.88,60825.0,8.4,2270.0,Low,54.89
District_20,2016,Fall,5.54,43274.0,15.4,893.0,Low,33.51
District_17,2018,Winter,8.79,59625.0,8.4,3511.0,Low,57.42
District_8,2023,Winter,8.82,76194.0,12.5,4200.0,High,36.03
District_11,2024,Winter,13.69,31268.0,12.6,3487.0,Low,54.29
District_5,2014,Spring,6.56,51908.0,15.0,2395.0,Low,32.05
District_13,2016,Fall,14.18,34084.0,11.5,1800.0,High,53.38
District_5,2016,Summer,8.41,71253.0,16.2,2343.0,Low,45.31
District_13,2018,Winter,11.04,63263.0,11.4,2407.0,Low,43.59
District_6,2016,Spring,6.23,68065.0,11.4,3497.0,Low,45.8
District_5,2022,Winter,7.92,76581.0,10.2,4676.0,Low,34.4
District_9,2014,Summer,11.52,33939.0,14.8,818.0,Low,52.75
District_16,2017,Fall,9.15,22923.0,8.8,4790.0,Low,59.86
District_2,2023,Summer,14.17,37454.0,11.6,4596.0,High,65.37
District_1,2023,Fall,11.85,43948.0,10.7,1030.0,High,38.14
District_8,2017,Fall,9.77,57510.0,10.3,1326.0,Low,46.33
District_19,2014,Fall,13.64,67862.0,8.6,1902.0,Low,47.08
District_11,2015,Winter,10.99,40988.0,9.9,3018.0,Low,47.37
District_12,2024,Summer,10.77,48410.0,12.5,1105.0,High,49.07
District_12,2014,Winter,5.96,67128.0,13.0,1402.0,High,10.39
District_7,2019,Summer,7.74,33520.0,10.7,4562.0,Low,56.8
District_13,2016,Spring,11.2,33028.0,14.5,992.0,Low,50.87
District_8,2020,Spring,13.7,55354.0,11.4,2295.0,Low,57.83
District_9,2018,Summer,6.79,46163.0,11.7,3934.0,Low,41.61
District_7,2022,Summer,5.59,76934.0,15.8,4499.0,High,29.39
District_15,2020,Summer,10.12,41422.0,13.5,2012.0,High,43.53
District_2,2017,Summer,3.81,65573.0,17.5,1240.0,Low,32.7
District_20,2018,Fall,11.57,54986.0,11.6,3817.0,High,51.44
District_12,2018,Winter,11.44,23275.0,16.3,3977.0,High,37.43
District_1,2024,Fall,7.26,25063.0,15.4,4910.0,High,41.91
District_8,2018,Winter,13.71,32189.0,16.9,1128.0,High,32.54
District_5,2023,Winter,9.03,28589.0,17.6,3692.0,High,26.27
District_15,2022,Winter,10.75,39762.0,8.1,2378.0,Low,52.44
District_1,2023,Fall,5.51,54739.0,8.9,4616.0,Low,50.68
District_1,2016,Summer,8.01,56142.0,14.7,2335.0,High,35.21
District_10,2019,Fall,13.35,55266.0,11.9,2507.0,Low,52.43
District_10,2021,Fall,5.56,27057.0,16.2,1071.0,High,21.72
District_15,2024,Winter,7.69,56014.0,8.1,1944.0,High,25.72
District_17,2022,Spring,6.82,44585.0,16.1,2304.0,Low,39.81
District_6,2020,Spring,4.81,74183.0,9.4,579.0,Low,25.76
District_3,2016,Fall,6.48,74719.0,10.9,2469.0,Low,36.63
District_13,2014,Winter,5.79,66090.0,17.7,2013.0,High,10.85
District_16,2017,Fall,14.08,62186.0,8.5,4117.0,High,53.37
District_8,2019,Fall,11.89,26897.0,11.5,982.0,Low,53.43
District_15,2016,Summer,6.79,25082.0,8.8,3921.0,High,46.7
District_17,2014,Winter,12.16,70450.0,16.5,3713.0,Low,37.36
District_17,2019,Spring,3.27,45621.0,15.0,1588.0,High,12.28
District_13,2014,Spring,9.32,47082.0,16.0,875.0,Low,29.81
District_17,2022,Spring,6.0,70868.0,13.3,4288.0,Low,34.28
District_6,2024,Fall,4.37,57286.0,11.6,1622.0,Low,37.76
District_17,2014,Winter,13.61,30764.0,8.0,1155.0,Low,55.15
District_16,2019,Summer,5.39,32661.0,10.8,2116.0,High,30.13
District_14,2014,Spring,12.87,20383.0,13.1,2304.0,High,45.92
District_13,2020,Winter,7.96,62640.0,14.6,1967.0,Low,24.41
District_6,2016,Spring,3.17,49137.0,10.3,4894.0,High,32.58
District_3,2019,Summer,11.79,76998.0,9.4,4464.0,High,53.19
District_14,2020,Winter,10.16,62841.0,10.0,4428.0,High,39.65
District_14,2014,Fall,7.13,26189.0,11.5,2294.0,High,32.66
District_15,2014,Fall,6.38,29692.0,9.5,4833.0,Low,56.51
District_8,2018,Spring,3.88,50103.0,9.6,3578.0,Low,31.4
District_15,2019,Spring,14.3,75492.0,8.4,4244.0,Low,59.75
District_13,2022,Winter,8.93,34835.0,16.6,2754.0,Low,33.8
District_17,2014,Summer,4.03,69535.0,10.2,1223.0,Low,37.12
District_3,2017,Spring,13.42,38736.0,16.2,4491.0,Low,56.29
District_6,2023,Winter,6.35,36194.0,12.4,2689.0,High,18.29
District_5,2021,Summer,5.44,74084.0,14.3,4858.0,High,32.79
District_17,2023,Spring,6.37,22834.0,8.8,1647.0,High,44.87
District_2,2022,Spring,9.77,59644.0,13.8,4966.0,Low,45.67
District_15,2016,Winter,3.89,22590.0,10.9,1501.0,Low,33.13
District_5,2024,Spring,8.78,68046.0,9.0,2157.0,Low,43.23
District_20,2015,Fall,13.75,69764.0,17.1,3173.0,High,41.37
District_6,2017,Summer,5.26,73601.0,14.0,3620.0,Low,35.91
District_6,2015,Summer,6.97,31165.0,10.4,3741.0,Low,56.69
District_18,2014,Fall,7.75,27470.0,12.2,2643.0,High,41.19
District_18,2016,Winter,10.03,50212.0,11.6,846.0,High,33.05
District_4,2020,Fall,14.03,36298.0,15.0,2732.0,Low,59.25
District_17,2014,Fall,7.73,56378.0,14.1,2006.0,Low,34.36
District_14,2015,Summer,3.83,50825.0,8.2,3459.0,High,43.07
District_14,2014,Winter,7.18,28691.0,10.0,1320.0,High,22.35
District_13,2021,Spring,5.28,64356.0,12.8,2273.0,High,17.72
District_7,2018,Fall,10.82,68227.0,12.5,4848.0,Low,55.35
District_12,2021,Fall,3.35,77783.0,13.2,900.0,Low,16.42
District_15,2016,Winter,6.5,43732.0,15.1,3211.0,Low,28.68
District_19,2020,Fall,9.54,40264.0,14.8,908.0,Low,43.85
District_11,2021,Winter,6.33,31536.0,11.7,1206.0,Low,44.34
District_15,2019,Spring,9.61,30852.0,16.8,3222.0,Low,49.12
District_12,2020,Winter,4.38,39263.0,8.6,2498.0,High,26.84
District_3,2015,Spring,14.31,78909.0,13.8,2968.0,Low,50.47
District_17,2021,Winter,6.49,25536.0,17.5,4459.0,Low,36.61
District_3,2018,Fall,14.08,35562.0,13.5,4178.0,Low,54.31
District_19,2020,Spring,6.91,25159.0,12.6,4496.0,Low,41.78
District_20,2014,Fall,12.38,36418.0,9.3,3273.0,High,51.76
District_4,2018,Spring,5.95,25544.0,16.1,2703.0,Low,38.83
District_3,2014,Winter,11.04,50499.0,11.7,2566.0,Low,47.2
District_16,2021,Winter,6.88,46301.0,15.0,3829.0,High,22.79
District_12,2017,Winter,9.11,30443.0,10.0,2846.0,Low,51.32
District_8,2017,Summer,11.09,30488.0,8.4,976.0,High,50.4
District_17,2015,Summer,10.07,57567.0,11.1,1139.0,High,29.83
District_7,2018,Spring,9.92,43227.0,10.8,2107.0,Low,38.75
District_11,2014,Summer,3.79,23372.0,16.7,805.0,Low,32.29
District_18,2022,Winter,5.99,75212.0,16.6,1577.0,High,7.59
District_1,2018,Summer,9.86,44297.0,13.3,3454.0,Low,56.14
District_3,2019,Summer,3.22,55463.0,8.2,556.0,High,21.53
District_4,2015,Fall,6.01,73125.0,10.3,3218.0,High,25.42
District_13,2023,Spring,5.75,44130.0,14.4,3976.0,High,25.62
District_6,2023,Spring,6.0,69240.0,9.0,1266.0,High,23.11
District_14,2014,Spring,9.43,74885.0,15.0,1314.0,High,29.47
District_5,2017,Summer,9.98,30444.0,8.1,630.0,Low,48.78
District_16,2020,Winter,13.91,73550.0,14.8,2806.0,Low,43.64
District_15,2019,Fall,7.63,27190.0,16.4,3446.0,Low,51.02
District_15,2023,Spring,14.12,36508.0,12.7,2556.0,Low,50.09
District_4,2014,Summer,10.82,68493.0,16.3,2253.0,Low,50.46
District_8,2014,Winter,13.95,74041.0,15.8,2545.0,Low,41.55
District_16,2021,Fall,13.0,61048.0,14.7,4017.0,Low,51.78
District_16,2017,Fall,11.25,26290.0,12.5,651.0,Low,45.91
District_4,2018,Spring,7.27,51380.0,10.7,4027.0,Low,51.0
District_13,2020,Spring,5.89,54358.0,16.6,3499.0,High,23.82
District_13,2021,Winter,5.67,36912.0,14.5,1586.0,High,10.53
District_2,2023,Summer,14.43,79478.0,16.0,2861.0,High,42.41
District_3,2020,Winter,14.5,40138.0,13.5,722.0,Low,43.39
District_8,2015,Spring,11.7,32615.0,9.7,2208.0,Low,59.6
District_15,2017,Winter,13.61,26608.0,17.8,1283.0,Low,40.56
District_11,2023,Summer,14.03,42710.0,9.8,600.0,High,50.51
District_9,2014,Fall,9.14,61557.0,17.1,2107.0,Low,34.36
District_7,2023,Fall,10.55,33885.0,10.1,3768.0,Low,55.52
District_13,2022,Fall,8.03,66173.0,11.7,4645.0,Low,46.52
District_2,2016,Fall,8.02,28124.0,12.4,3480.0,Low,44.22
District_8,2016,Spring,3.46,46428.0,17.2,2309.0,High,11.5
District_7,2023,Spring,8.21,62142.0,16.9,4998.0,High,30.7
District_12,2022,Summer,11.08,28119.0,16.2,1773.0,High,50.08
District_19,2023,Summer,8.06,55871.0,11.8,1342.0,High,34.34
District_7,2016,Summer,13.47,67937.0,8.0,2587.0,High,48.72
District_10,2021,Summer,6.99,55733.0,14.8,2772.0,High,36.84
District_16,2015,Winter,4.59,50688.0,12.1,2097.0,Low,29.54
District_3,2016,Summer,12.74,70298.0,15.6,3630.0,High,42.04
District_10,2015,Fall,11.09,79125.0,15.9,1327.0,Low,47.01
District_6,2014,Fall,5.9,30879.0,12.4,2797.0,High,33.03
District_18,2015,Fall,9.44,61481.0,15.5,2751.0,High,34.24
District_18,2021,Winter,7.82,24839.0,16.4,4207.0,High,30.86
District_5,2022,Summer,14.27,22570.0,17.3,4671.0,Low,70.7
District_7,2015,Fall,10.29,36849.0,13.8,3485.0,Low,51.25
District_2,2020,Fall,4.9,78255.0,15.8,1874.0,Low,28.6
District_11,2018,Fall,9.03,53132.0,12.9,3603.0,High,35.81
District_13,2016,Fall,13.35,36096.0,8.4,1631.0,Low,67.31
District_5,2022,Spring,11.06,27955.0,9.6,4849.0,Low,52.48
District_6,2019,Summer,13.11,75211.0,9.3,4201.0,High,50.26
District_14,2024,Summer,6.0,41742.0,9.7,2440.0,Low,48.13
District_12,2014,Winter,13.66,38402.0,8.1,4030.0,High,48.98
District_4,2018,Spring,12.07,71478.0,16.6,2339.0,High,31.36
District_6,2020,Winter,11.75,56264.0,13.6,836.0,Low,37.71
District_10,2017,Fall,7.16,30118.0,11.8,3680.0,Low,41.52
District_18,2021,Winter,13.65,45291.0,12.1,2321.0,Low,44.02
District_15,2023,Fall,10.66,75694.0,12.6,4686.0,High,41.08
District_8,2018,Fall,13.22,74072.0,8.7,1880.0,High,45.76
District_9,2022,Summer,7.33,24207.0,10.7,4295.0,Low,53.25
District_5,2022,Summer,4.75,36117.0,16.5,3562.0,High,21.63
District_10,2022,Summer,6.99,29272.0,15.4,4340.0,Low,51.81
District_20,2014,Summer,8.46,52029.0,13.6,1813.0,Low,47.59
District_6,2015,Summer,9.4,64999.0,12.8,2576.0,Low,43.22
District_16,2016,Spring,9.13,37733.0,10.6,4204.0,High,41.22
District_3,2017,Summer,9.55,65480.0,12.7,3397.0,High,46.09
District_10,2023,Winter,13.1,60123.0,14.0,2120.0,Low,37.32
District_11,2022,Fall,5.04,63693.0,15.1,2804.0,Low,31.17
District_11,2023,Summer,6.79,76895.0,9.7,4982.0,High,37.4
District_17,2019,Spring,13.66,45477.0,16.1,3838.0,Low,67.64
District_4,2014,Winter,9.73,40554.0,11.5,3265.0,Low,37.43
District_4,2022,Winter,10.0,61031.0,13.0,4226.0,Low,33.37
District_17,2019,Fall,8.74,68453.0,14.1,2489.0,Low,42.99
District_9,2017,Winter,9.59,31487.0,12.9,4775.0,Low,46.06
District_19,2017,Winter,5.38,70808.0,13.7,2984.0,Low,19.9
District_5,2016,Winter,9.56,23471.0,9.1,1971.0,High,31.72
District_6,2020,Winter,14.97,20384.0,12.3,887.0,Low,59.28
District_3,2016,Spring,9.79,29506.0,10.8,2191.0,Low,49.84
District_1,2015,Fall,3.53,78720.0,8.9,3059.0,Low,39.66
District_20,2023,Summer,12.56,51414.0,9.9,3665.0,High,48.56
District_16,2021,Winter,7.76,22794.0,14.0,4438.0,Low,47.7
District_11,2017,Spring,4.84,79831.0,10.0,4748.0,High,23.57
District_13,2021,Fall,13.35,64695.0,9.8,961.0,High,47.88
District_10,2014,Summer,5.38,70280.0,13.5,3204.0,High,34.71
District_3,2018,Fall,14.05,32776.0,17.0,3500.0,Low,53.68
District_9,2022,Spring,8.3,26327.0,15.9,1274.0,Low,40.85
District_12,2014,Spring,11.91,50905.0,17.1,2955.0,Low,49.0
District_14,2024,Spring,9.56,66331.0,13.8,2007.0,Low,44.83
District_1,2017,Winter,6.08,58267.0,12.1,848.0,Low,18.24
District_18,2019,Spring,11.05,57864.0,15.3,796.0,Low,38.01
District_17,2023,Summer,14.49,65426.0,10.6,3916.0,High,57.8
District_9,2021,Winter,12.24,33621.0,8.8,3270.0,High,51.1
District_9,2016,Fall,10.25,59691.0,11.4,3718.0,Low,51.67
District_10,2018,Summer,14.89,43527.0,11.0,3584.0,High,55.59
District_19,2020,Winter,6.18,24185.0,14.8,1104.0,Low,29.0
District_15,2014,Spring,3.75,32129.0,13.5,1182.0,High,13.51
District_5,2020,Fall,3.39,67640.0,9.4,1636.0,Low,20.41
District_15,2024,Spring,11.53,73756.0,17.1,2296.0,Low,40.75
District_20,2021,Summer,12.96,36969.0,13.9,4726.0,High,58.5
District_2,2021,Summer,10.62,31422.0,12.6,3533.0,High,50.82
District_13,2022,Winter,13.86,21603.0,17.4,1648.0,High,36.25
District_16,2019,Summer,11.38,76862.0,9.0,752.0,Low,59.12
District_15,2019,Fall,7.45,61031.0,15.9,3579.0,High,37.07
District_10,2015,Winter,5.18,77422.0,11.6,3314.0,Low,22.5
District_14,2016,Fall,14.1,71831.0,15.0,3541.0,Low,59.85
District_10,2017,Spring,4.24,40428.0,17.3,1675.0,Low,37.57
District_14,2017,Fall,9.52,26761.0,13.2,2826.0,High,48.87
District_9,2021,Fall,6.77,49943.0,8.2,2128.0,High,37.63
District_14,2014,Summer,6.26,21609.0,8.3,4180.0,Low,55.98
District_3,2023,Spring,10.75,28995.0,11.3,812.0,High,31.13
District_20,2017,Summer,5.77,34006.0,15.8,1739.0,Low,33.93
District_16,2024,Spring,14.0,59939.0,10.9,3213.0,High,51.4
District_2,2024,Spring,7.87,50593.0,11.3,1424.0,Low,40.49
District_10,2024,Fall,11.13,38145.0,15.8,3527.0,Low,52.18
District_3,2017,Summer,11.73,53886.0,9.2,1115.0,Low,59.98
District_11,2014,Fall,11.2,27512.0,16.5,603.0,Low,50.05
District_11,2016,Fall,13.84,65342.0,10.7,4386.0,High,58.14
District_13,2018,Fall,5.77,62722.0,8.5,2000.0,Low,41.2
District_7,2019,Spring,4.03,32990.0,9.2,1206.0,High,26.16
District_17,2022,Summer,3.67,56383.0,17.5,1277.0,High,14.38
District_2,2022,Summer,13.53,50198.0,12.5,4487.0,High,57.68
District_12,2022,Fall,14.68,23649.0,10.6,3445.0,Low,69.72
District_10,2024,Spring,6.63,36689.0,13.2,4804.0,Low,46.0
District_18,2014,Summer,11.32,79969.0,14.8,4100.0,Low,45.83
District_11,2022,Winter,3.11,25972.0,11.2,3954.0,Low,33.15
District_16,2021,Summer,5.26,50385.0,15.3,2749.0,Low,38.31
District_17,2015,Fall,11.27,70960.0,10.5,4194.0,Low,53.9
District_19,2024,Winter,3.79,38039.0,9.1,2357.0,High,21.59
District_18,2014,Spring,8.62,35643.0,13.5,4222.0,High,42.14
District_3,2014,Winter,10.95,73448.0,9.5,3910.0,High,41.55
District_16,2019,Winter,12.19,38290.0,17.4,3553.0,High,37.95
District_6,2022,Fall,8.45,59090.0,8.0,1984.0,High,33.28
District_12,2020,Summer,10.56,64419.0,15.6,3338.0,High,47.82
District_11,2018,Spring,9.47,67317.0,10.8,2781.0,Low,52.66
District_15,2024,Winter,3.63,79686.0,16.5,2577.0,Low,15.28
District_15,2015,Fall,11.91,68192.0,8.6,4956.0,Low,67.07
District_16,2014,Summer,5.07,59421.0,17.5,2770.0,Low,35.35
District_10,2015,Winter,3.38,73728.0,9.0,644.0,Low,23.06
District_12,2014,Fall,8.41,74345.0,15.9,3319.0,High,35.58
District_13,2016,Fall,13.39,78390.0,13.2,3776.0,Low,51.7
District_4,2019,Fall,4.81,66588.0,12.3,4483.0,High,35.18
District_7,2021,Spring,3.15,31696.0,10.8,3347.0,High,26.6
District_2,2016,Summer,4.32,62588.0,16.4,588.0,High,18.71
District_15,2023,Winter,7.36,24508.0,10.0,1039.0,High,30.41
District_8,2022,Summer,9.96,39078.0,15.2,1226.0,Low,46.22
District_7,2023,Summer,5.32,26948.0,12.5,1451.0,Low,46.1
District_15,2018,Winter,12.62,76997.0,18.0,4099.0,High,32.16
District_14,2020,Summer,12.04,40325.0,14.1,1894.0,High,43.35
District_8,2021,Spring,11.35,62793.0,9.0,1906.0,High,42.85
District_12,2016,Winter,8.85,54279.0,12.2,3900.0,Low,46.75
District_13,2015,Winter,7.38,26451.0,8.7,2356.0,High,30.42
District_11,2015,Fall,7.51,53681.0,10.9,791.0,Low,32.16
District_17,2018,Summer,9.04,59661.0,11.4,3133.0,High,40.0
District_17,2014,Winter,3.93,72891.0,16.5,1085.0,Low,9.08
District_4,2015,Winter,11.19,24205.0,16.4,3072.0,High,45.55
District_8,2022,Spring,7.22,37738.0,8.1,4008.0,Low,45.92
District_5,2020,Fall,5.7,61540.0,13.3,4683.0,High,19.36
District_16,2019,Winter,6.34,22060.0,10.2,802.0,Low,29.79
District_4,2022,Spring,5.16,32213.0,11.2,1868.0,High,27.41
District_15,2020,Winter,13.82,33120.0,8.2,3436.0,Low,58.84
District_12,2024,Winter,5.03,60160.0,15.5,1920.0,High,11.71
District_5,2018,Winter,13.6,37158.0,17.5,2530.0,Low,39.1
District_16,2022,Spring,9.87,55976.0,10.2,590.0,High,32.16
District_14,2019,Summer,13.41,77921.0,11.4,3621.0,High,46.33
District_10,2019,Winter,8.69,67595.0,10.1,4475.0,High,36.47
District_7,2024,Winter,14.13,39974.0,17.3,4896.0,Low,48.0
District_13,2017,Summer,5.54,48344.0,8.1,4237.0,High,40.78
District_20,2014,Winter,9.66,32040.0,13.8,643.0,High,20.45
District_5,2018,Fall,4.51,20943.0,16.7,3433.0,High,31.49
District_3,2024,Winter,8.37,37383.0,9.9,2730.0,Low,38.29
District_15,2022,Fall,9.84,42165.0,13.9,4721.0,High,38.28
District_4,2021,Summer,10.27,53862.0,8.5,4560.0,Low,68.04
District_15,2021,Spring,7.39,76644.0,16.1,4946.0,Low,29.7
District_14,2018,Summer,3.92,76871.0,10.7,4379.0,Low,44.11
District_20,2022,Winter,10.86,24206.0,17.9,2961.0,High,33.21
District_19,2016,Fall,8.86,56879.0,17.2,3717.0,Low,55.16
District_13,2016,Spring,4.64,22541.0,15.3,4841.0,High,34.68
District_10,2014,Winter,14.23,58885.0,13.0,3102.0,High,42.58
District_5,2022,Spring,14.47,27062.0,15.7,4280.0,High,49.03
District_20,2019,Spring,13.28,76784.0,9.3,4740.0,Low,59.5
District_20,2015,Winter,13.13,71860.0,11.1,3067.0,High,38.45
District_6,2021,Summer,4.18,21340.0,8.3,1216.0,High,39.75
District_4,2022,Winter,14.92,66928.0,14.5,1200.0,Low,39.57
District_2,2022,Winter,7.8,58154.0,16.1,1019.0,High,5.6
District_16,2015,Summer,4.96,49722.0,17.5,2643.0,Low,35.76
District_18,2015,Fall,12.75,56158.0,14.9,2661.0,Low,43.59
District_5,2020,Winter,5.71,60695.0,15.3,3278.0,High,20.73
District_4,2024,Spring,9.31,73067.0,17.0,2673.0,High,34.97
District_13,2017,Winter,4.54,66041.0,17.4,4879.0,High,20.86
District_19,2014,Winter,8.7,54523.0,12.9,1811.0,Low,30.56
District_2,2021,Spring,9.7,69477.0,9.1,4432.0,Low,60.12
District_13,2015,Summer,8.35,79215.0,12.7,951.0,High,25.35
District_11,2016,Fall,3.83,38011.0,13.6,3209.0,Low,30.03
District_4,2018,Fall,8.82,27105.0,14.3,3417.0,Low,56.07
District_20,2016,Spring,8.63,63887.0,17.9,3975.0,Low,38.24
District_20,2020,Summer,6.14,78716.0,17.2,2764.0,Low,35.45
District_15,2020,Winter,14.06,27002.0,12.0,1388.0,High,45.37
District_4,2015,Winter,8.01,45902.0,9.1,2160.0,High,22.0
District_9,2020,Winter,13.37,23736.0,10.1,1725.0,Low,49.22
District_7,2024,Winter,4.32,66592.0,9.7,2386.0,Low,22.28
District_19,2019,Winter,6.83,76923.0,11.6,2885.0,High,18.46
District_19,2023,Spring,5.12,49940.0,16.8,3313.0,High,18.92
District_6,2022,Winter,7.9,44571.0,12.4,4303.0,High,32.46
District_6,2022,Winter,4.34,74463.0,13.7,4595.0,Low,28.59
District_20,2015,Summer,8.29,28003.0,9.8,2582.0,Low,54.49
District_15,2020,Winter,7.25,73495.0,12.9,899.0,Low,25.0
District_15,2018,Fall,5.68,43528.0,16.7,4087.0,High,24.92
District_20,2019,Spring,10.71,53564.0,15.7,2647.0,High,35.04
District_9,2014,Spring,14.41,51698.0,8.8,2959.0,High,43.91
District_4,2020,Spring,5.49,56959.0,16.6,3181.0,Low,37.04
District_18,2019,Fall,11.54,76527.0,10.7,3505.0,High,39.35
District_18,2017,Winter,11.91,77068.0,14.7,4505.0,High,31.48
District_5,2014,Spring,8.98,69869.0,9.5,4785.0,High,36.18
District_20,2022,Fall,13.77,31493.0,14.7,4731.0,Low,64.85
District_11,2017,Summer,14.6,40011.0,8.4,4143.0,High,61.89
District_5,2015,Winter,7.35,49269.0,14.0,4502.0,Low,40.62
District_4,2021,Fall,10.81,74328.0,14.5,723.0,Low,33.34
District_12,2015,Winter,10.95,51252.0,10.4,4321.0,High,39.89
District_2,2018,Summer,7.84,78646.0,17.4,825.0,High,25.05
District_13,2024,Fall,6.8,79030.0,8.5,3858.0,Low,47.25
District_10,2019,Winter,14.2,55915.0,16.9,1262.0,Low,44.33
District_9,2024,Fall,12.48,72650.0,11.8,2120.0,Low,45.31
District_10,2021,Spring,4.37,79953.0,15.1,1329.0,High,12.13
District_7,2024,Winter,4.44,70983.0,14.5,2496.0,Low,19.9
District_4,2014,Fall,14.07,59415.0,9.7,2353.0,High,43.4
District_19,2014,Spring,3.98,70708.0,11.2,716.0,Low,24.16
District_10,2017,Summer,11.26,24959.0,13.3,4237.0,Low,56.85
District_3,2018,Winter,5.72,58089.0,16.5,4344.0,Low,30.33
District_19,2022,Winter,3.42,32991.0,17.5,4044.0,Low,31.22
District_2,2024,Summer,3.72,26964.0,8.2,4314.0,Low,54.98
District_20,2020,Spring,7.48,73572.0,11.5,3879.0,High,33.74
District_10,2020,Summer,3.93,58379.0,14.7,4719.0,Low,41.84
District_2,2021,Winter,10.16,34613.0,13.3,3094.0,Low,42.64
District_2,2018,Fall,10.77,43207.0,17.4,3122.0,High,48.17
District_17,2018,Spring,7.48,78397.0,8.2,4370.0,Low,44.81
District_16,2014,Spring,11.91,71731.0,12.4,2072.0,Low,40.28
District_16,2022,Spring,8.88,20935.0,14.7,725.0,Low,44.36
District_14,2019,Summer,8.16,78788.0,10.2,3874.0,High,42.34
District_7,2022,Summer,7.88,42112.0,15.3,1646.0,High,27.55
District_11,2016,Fall,8.17,61725.0,8.8,2634.0,Low,43.28
District_1,2018,Fall,14.61,62761.0,12.5,1582.0,High,45.2
District_11,2015,Spring,11.18,74701.0,14.8,4222.0,Low,45.82
District_4,2023,Fall,6.78,73104.0,10.7,4812.0,Low,49.35
District_7,2018,Summer,11.81,36904.0,8.7,748.0,High,43.59
District_15,2021,Fall,6.96,58612.0,17.6,1550.0,Low,29.44
District_18,2024,Summer,4.51,43622.0,17.1,1353.0,High,19.54
District_12,2015,Fall,8.7,51533.0,17.3,3529.0,Low,44.61
District_17,2021,Winter,12.01,53281.0,17.8,2429.0,High,31.7
District_1,2017,Summer,7.53,43781.0,9.8,2553.0,Low,52.32
District_11,2023,Winter,13.43,47834.0,9.6,1207.0,Low,38.21
District_1,2023,Summer,7.64,32501.0,8.3,2366.0,High,43.81
District_15,2014,Fall,7.2,56459.0,16.9,1865.0,Low,35.59
District_10,2018,Winter,14.98,65538.0,15.5,3250.0,Low,51.8
District_7,2014,Fall,8.79,45784.0,14.3,1478.0,High,29.32
District_2,2020,Summer,12.66,78661.0,17.3,3267.0,Low,52.5
District_10,2021,Winter,12.66,23434.0,13.8,2200.0,Low,45.14
District_4,2016,Spring,14.12,55350.0,9.3,2058.0,Low,64.26
District_12,2016,Fall,4.02,55016.0,9.8,1875.0,High,15.94
District_19,2020,Summer,6.25,22178.0,9.3,3532.0,Low,55.84
District_11,2017,Winter,12.21,33474.0,11.1,3031.0,Low,45.55
District_8,2016,Fall,9.75,74333.0,11.8,4333.0,Low,47.03
District_18,2021,Winter,9.72,52671.0,16.0,1587.0,High,21.98
District_11,2016,Fall,4.99,46183.0,9.9,681.0,Low,22.76
District_11,2020,Fall,6.37,44930.0,15.3,1319.0,Low,25.93
District_13,2015,Fall,9.26,73290.0,12.9,2045.0,Low,32.36
District_3,2024,Winter,6.33,42022.0,18.0,1308.0,Low,24.57
District_12,2024,Winter,5.52,71550.0,15.8,876.0,High,12.06
District_3,2014,Fall,4.05,38552.0,17.7,2504.0,Low,21.19
District_10,2019,Spring,4.87,51890.0,11.4,3546.0,High,26.71
District_17,2021,Spring,12.23,28629.0,9.2,3882.0,Low,64.06
District_2,2014,Spring,11.63,69502.0,13.1,2294.0,Low,47.81
District_17,2023,Summer,3.55,64158.0,9.2,2651.0,High,38.01
